serial,id
LR03Y7CM,000888b4-f9c7-4cd4-abbc-e245eb00faf3
LR048PU4,002d1eab-6124-4f89-b20d-32173f18dd7b
NXSHEAA00241305C267600,00b7ce9e-8885-4098-ae71-4aeebefb52ca
LR03XUBA,012f14f2-cb31-40a1-bb1c-db60a185bf41
NXSHEAA00241305B207600,01b363f8-9daf-4830-aecc-396956f36715
LR05XQZ3,01f841be-6670-4561-bcb1-f03dd5746070
LR03Y7M0,023c7d0c-f363-4e82-ad84-98a82397254a
NUSH7AA017335028D13400,02d3f3b6-a6e1-45f4-8d50-946f6a32774d
LR03Y7JS,02db8efc-f338-44bd-a1b7-300888826ed0
LR048PT2,03169a9c-5d5d-4318-8637-2ee7779e4d06
LR03Z19N,03191636-00b4-4bbb-805a-b2d82dac47f3
LR062U0Q,03332a71-ec24-46ec-9cab-4c5ac9c3ba50
LR062EAX,038935e3-0736-4cfb-9213-8092f5584eb3
LR048QKN,03a7a911-6843-4557-865e-c36d71a36ea9
LR062T6Y,03f91c1a-db03-4170-a52e-1e14a30806fc
NXSHEAA00241305A617600,0416ede5-880a-451d-b4c0-2c7b2282b92e
NXSHEAA00241002D8E7600,044ea9d6-acb8-4d99-b123-96f540f0a6f5
NXSHEAA0023510CDD17600,046d6ec0-416d-4c3a-82aa-6b634a709950
NXSHEAA00241305B277600,04eff6bf-af82-4f65-95df-52c8bca8213c
LR0451XU,0581cc24-c17d-4bfa-8a65-94c980d50994
LR062TYS,069d5e31-5d90-4fc9-ac51-96c459610cf2
LR03Y778,06a01b48-c493-486b-897a-61129280b16f
LR03Z1LB,06b602fd-c9ca-4ec5-9c98-3bb26f34131d
NXSHEAA0023510CDAB7600,0716f525-8858-41fb-b240-5024d8f85571
LR05C8XA,07377cd7-b6e1-41f7-ba4b-568ce8cc2caf
NXSHEAA00241305B8F7600,0780c445-3f95-4e69-8042-fa0b65f8b4ce
NXSHEAA00241305AE17600,07c20597-37f9-408c-b3cb-f4797434b0d6
LR03Z15Y,07de3a8f-3130-4ca9-8c06-b64bb6ba36e0
LR04550H,096c5fa8-1bca-4b57-b0af-1a1f17a4473b
NXSHEAA00241305A6E7600,09832a22-6b17-4cef-bb07-121b979157aa
LR03Y7DD,0998ae03-8e91-4e6b-8b3d-8ea1ad86fc63
LR03Y7L1,09e720e1-fdbc-492c-b596-4f72d71d07a0
NXSHEAA00241305C387600,09f913c9-4ea4-43c2-abd8-2c67971d1399
LR062U0D,0b26b3dd-5f3e-4faa-8c4d-f36fc6155885
LR05C94Z,0b647e7d-6d2c-41f1-9a7a-31a82c123dfc
LR03Y75C,0c6b1dc2-a704-46cc-9cd0-37c1c40822cf
LR048PQN,0c889cc0-7a7e-4875-ac11-a6770cedc45c
NXSHEAA00241002E037600,0cade22b-2456-4d3a-9e35-db1d186cfa2b
LR048QAX,0ce7e2e7-2899-4d0c-ad6b-75386f6d6d25
NXSHEAA0023510CD397600,0e363896-bb55-4977-9edb-5c73e2cca5f2
LR048QJ4,0eaec447-bef1-4831-8a60-a2ff03cbea01
NXSHEAA0023510CE347600,0ebd9f2d-73bf-4cbb-adb9-f142393d9836
LR048PQE,0edc9967-82e8-4eb8-8fa3-4e617cb0d94a
LR0498BF,0ee28352-7876-446b-a6ae-67b622c40675
NXSHEAA002413061987600,0eed5c75-428f-41a5-91aa-13b9d318e4c1
LR05XQVA,0f8391ee-8838-4d2c-abb4-34f537f592ff
LR04524G,0fa36763-d518-4244-a28d-fabe1fd5e15d
NXSHEAA00241305A7C7600,0fc9b6d7-18e0-4cbb-a537-8e145d68d7e4
LR048PQQ,10233cf0-ce55-4e97-becd-2019e6b8c22e
LR048QJ8,10335da4-8f60-4121-bc52-8af3eb15d3f1
LR048PSV,1035601d-b361-469d-b332-70e2af3c1742
LR048PRR,10c53734-f7d7-4407-92ff-7a25c2fb4b43
NXSHEAA00241305B177600,113bd14b-fc11-43ca-abd3-6750315ab3ab
LR03Y775,1160d9b5-4867-4220-b81a-0ec649a6d46a
LR03Z1M9,118468b7-f029-4b7b-b08c-91f2fac76864
LR05C94U,1218d9bc-cff9-4536-8b87-a892d9ecb2cf
NXSHEAA0023510CE0B7600,1232723f-5e1c-48c4-86e8-f6174051a6c2
LR03Y712,126ef1d1-b081-4133-b2d4-d44bacc745fe
LR048QA5,13c9e404-e9c5-4de2-9469-f30110474ced
NXSHEAA00241305B2A7600,13d6b1b0-8f8b-406a-80b8-544a61370996
NXSHEAA0023510CDAE7600,13db77df-a2c1-40b7-83ea-d4136ae8180a
NXSHEAA002413061AE7600,14b34326-90eb-4b0f-863f-7e5e92ba1f92
NXSHEAA00241305BC27600,155ed113-dfd6-4244-84c5-cee42c4f863b
LR03Y77C,1592742d-5dd8-481d-91a8-47ca4097d0ec
NXSHEAA00241305B157600,15a848bd-83ab-4bec-8f91-982cdf8d5e2f
LR048PR0,1600982b-4edd-4a4e-9a4d-9a6a63127383
LR03Z169,16706402-9290-497f-9af2-ddaaf2ecdac0
LR03Z1DS,169c9860-06dc-43d7-833e-8b60035d7ff9
LR0454WA,16c8f3d4-248c-4413-85a6-fd628b2376ca
LR048PT8,174aea6e-0695-4347-bf57-62611059d62b
LR03Z1JA,17f5d1bd-41e2-4e55-aa8f-ecfc29a89744
LR048QKL,183e277b-ab9f-46cc-9b09-9929395bd9e0
LR048PTM,18511eba-1626-4813-92db-3b817e7ff048
LR04989R,1866eed6-dbde-4078-8c51-e83586eaced4
LR03Z17A,18b06428-4fde-4fcc-be63-c28558402d65
NXSHEAA00241305B3F7600,18baa0d3-b8c1-47bb-97c5-ea4eaebe7693
LR062TZK,190c9275-6291-46c9-b83c-f872cb5106d7
LR048QJL,1944cc6e-4add-4088-8a35-04e82fcf877a
NXSHEAA0023510CE2B7600,196b59c5-9a6b-46eb-b9cc-711ff2a2f54a
LR03Y7BE,19b1c1db-d9f1-4eb4-8999-e318be5ae134
LR03Y7KD,1b51669c-9506-45db-8e9f-4a45a6260cd5
LR062TZG,1be2357e-1943-47d7-b1f3-ac79d1c1d341
NXSHEAA00241002DDC7600,1bed1c59-77af-494b-b1f6-ad112c16692a
NXSHEAA00241305C2D7600,1c3bb97a-8fe1-4020-a75c-ea5d19b0bc63
LR03Y7E7,1cbd9801-4c68-4ee6-8dd6-8df8d8110c59
NXSHEAA00241305BE07600,1cc5455f-d4f5-4364-8c6b-f1093e03a66f
LR048QKQ,1eaf5d8d-c723-445f-ba01-8b496c693f5b
LR048QKD,1f5c0674-0943-4a3f-b583-6ed6e71c19d0
NXSHEAA00241305B287600,1f808a58-f697-4f2a-83ac-113e36e9f320
LR03Z18F,1fb8810c-ad30-499b-b8de-edec3d190c81
LR03Y7PU,1fdee4aa-37a0-42e8-bdf0-2afca33f5087
NXSHEAA0023510CE257600,1fe48e5a-dc5a-41e8-ac9d-e6f505d6627b
LR062TX0,2005a6f1-768c-4b30-a8fe-55a2d6f27a31
NXSHEAA00241305BAB7600,207c8db6-a80c-46d1-984b-87b206c324eb
LR03Z1KA,20f078ee-f703-4aa3-8929-85d221c09157
LR062UW7,2153d123-05b7-4c01-9ab9-d8a1fbfa9559
LR03Y7P6,215c71bb-ecc4-4cd7-97a2-51952b9ec144
NXSHEAA00241305BDA7600,21f63d58-d1d6-4487-8357-11efeb109a54
LR03Y7SA,227415f6-2511-44c0-a488-8d8399d04ea1
NXSHEAA0023510CE417600,233fcf20-ce6f-40e7-8878-61e104957ecf
NXSHEAA00241305B0B7600,239c9e5a-2d13-439d-afae-d77cd67b9bd6
LR048PU0,240089e7-2f3d-4081-bad7-2a148fbb7280
LR03Y74X,2429b54e-8583-4624-9b18-7857fd3963df
LR03Z1JG,24dc4d30-b793-4279-bead-1058d2c36974
LR03XXX2,251bb5db-f56a-408a-9c27-d277786052a8
LR03Z1KP,25b07850-d3fe-4768-a424-718ef7ba01cb
LR05XQWM,25ed8580-66c3-43af-aa3c-e2d3cc4100ba
LR048PTA,26106d91-9fd4-4afb-bbd7-1d004e513b31
NXSHEAA0023510CDB37600,26f9a39b-bb12-405d-a6f0-d99edd74499e
LR03Z1JJ,270a8251-bcb3-4f7c-aaa4-e26e2e9f2027
LR063480,2761d8e8-307a-4539-a22b-e9b6995f9990
NXSHEAA00241305B257600,2794656a-54de-441e-9c8e-5de9e4cc178b
LR03Z1DR,2808449b-e7f9-44a2-a141-2fea72aa5591
LR03Y76X,286ff292-cd74-4f30-b180-631a5548eedf
LR048PS3,287b63d8-9841-475a-bfb2-08f348b33114
LR03Z1BM,289b9b4e-8040-4eb8-b0a5-145f6846a4ce
LR05C942,28a8e403-47ce-4c14-bdce-a6d4291b4d35
LR048PS9,2966b777-6073-450a-a82e-13f21682a1d9
LR049887,29e6af69-31fb-4a35-a4ac-724b87b489f5
LR03Y6V0,29f4436c-c1b6-41f5-873b-b707c6d556ff
NXSHEAA00241305C337600,2a952f36-89d6-401d-ac3d-544ed6eafdc6
NXSHEAA0023510CDF57600,2af68f75-040a-4685-89ed-d1c1902ecc45
NXSHEAA00241305B2D7600,2b76b60f-affe-4c1f-aeba-aeb0cbb1b2e1
NXSHEAA00241002DED7600,2b897550-02fd-4ad2-9b50-93dfddf9be4d
LR03Z1L4,2b9dc1c7-79b7-4341-9cca-3fc103ffd5de
NXSHEAA00241305B117600,2beb4d77-e484-4e9a-ab8e-5be7a14ad325
NXSHEAA0023510CE237600,2c18dd69-9e89-45fc-ab6e-3020e08ea15f
LR048PS4,2c6fb32b-721c-4f68-9694-b4866621542f
NXSHEAA00241305BF37600,2c8d3b9f-5e1e-40cd-9cf1-788a9efda7d1
NXSHEAA00241305C207600,2d14331a-d88b-4672-af9d-feaba9a2a201
LR0454WD,2d6edf6c-52ea-42cf-aeee-ed8740e48442
LR03Z1AC,2ddcda91-ebb5-4bc6-a65f-4b7c46b61fb8
LR062TZN,2df89cff-dea2-4586-ba2d-c25b8f1e44ca
NXSHEAA00241305A357600,2e768b68-94fc-4980-8c9f-d536d11ec344
NXSHEAA0023510CE507600,2eac0f1d-97fb-42fa-861a-604d692f4612
NXSHEAA0024130619E7600,2ee8a9c0-7e90-49ce-990b-443f3eb72641
NXSHEAA0023510CD337600,30089d7d-c989-4234-b93a-35c7b39c8447
NXSHEAA00241305C197600,30b8409a-531f-4acc-a749-c86b094bf005
NXSHEAA0024130619F7600,30f62767-8ba9-4156-bd06-29fca188e23b
NXSHEAA00241305A727600,30fbd03c-7b46-41e3-9491-271e10cceaeb
LR03Y7ND,311e3ead-b36c-4c52-80e2-a71fa9025370
LR048PTT,326fd093-14f3-4f10-b65e-b8b096356523
LR0454VX,327f1157-47b6-4212-aa10-3ac44f2f9376
LR04525U,331ebbc3-77f5-4a94-9e2b-fa9ba2aa4f66
NXSHEAA0023510CF377600,3435212e-071d-4de9-969e-eafaa7213186
LR03Z1LH,347670da-ffdd-445b-8720-5e12a283c97f
LR048Q2S,34d65adc-3aab-4702-9bfb-959802e23f78
LR03Z18S,34ec7648-d17e-4b86-a2c2-30b978e0b543
LR048PSN,34f63285-1a71-4a10-897d-52c6e4b4f332
LR03Z19H,3552f237-6ded-4107-86b8-e0df37b2db3f
LR03Y7NJ,35642d41-a25a-41f3-8fbb-63defa46a635
NXSHEAA00241305C567600,35cab474-a4e5-4920-b41a-619fa69cf2b6
NXSHEAA0023510CE1A7600,36e8d2d6-5d0b-4a7e-a599-9873d4b79e52
LR03Y7QV,371906e8-5912-40b8-bac9-68f0a9389d09
LR03Z1KR,3739a3e5-4c00-401b-80e6-47f46827ab0c
LR048QKP,376f07e4-4a70-4a8e-a84c-51563ba7d644
LR03Y762,379898e5-0236-46eb-a8b0-2875cd4abf53
LR03Z19M,3808d4f7-5a91-446a-9161-54bf33e0fde1
LR048QJW,385b8502-9752-414a-b257-a2862890da8f
LR03Y9ZD,38bff056-cf77-4c62-94fb-d0cba9c8af55
NXSHEAA0023510CDBA7600,38e053d3-4e12-433a-a879-837e81eae42e
LR03Z1JQ,3936518e-157f-4ff0-8f74-7f34f51fc0ff
LR048PSG,39d89e8d-cdb6-4914-9f9e-7e380f938227
LR062TYN,39f4de92-fb64-4818-984a-727c759692dc
LR05XRCA,3a3faeb5-6fd6-4102-a8d2-9a16dfabf858
LR03Z1KS,3a5c1afa-21ed-4b13-89c4-09e464cbc91f
NXSHEAA00241305B377600,3af05514-0e86-4122-ac08-2463e70693ab
NXSHEAA00241305A687600,3af972a4-c524-46a0-8cab-e2a0b57bbd72
LR062TYU,3c73c302-5122-4703-8d7d-67c81d01fc52
LR03Z15P,3cf1928f-e0c9-44d7-bbab-15126d3671a5
NXSHEAA002352096717600,3e677462-9671-4307-b832-94a6937f33f6
LR03Y7SG,3f0c1bcf-2cef-440e-bc41-c64df9127616
LR062TZ8,3f7322d0-59d0-40c9-837f-08f580c02932
NXSHEAA00241305BEA7600,3fec0997-ab7d-42c5-9b1b-6105d100b67b
LR048PU7,40bb17d7-7471-43ab-b91c-11a6cb6073ce
LR048PS7,40c27cb6-4fc0-4bf5-aece-9be9f5b4b3da
LR048QJT,41567a1a-e1f2-4fda-addf-cdd0708a3d73
LR048PXT,421b3aa8-c722-4a8a-bcb2-69a8d623f71f
LR03Z1ML,42d98680-3e2e-4a4c-b8c3-252eae4d9b05
LR03Y9WW,42edaf0a-0b46-4728-83a2-25ac8568a254
LR05XR9B,43841bfc-8ab4-4be5-821f-bc8aea7b7cd4
LR03Y74W,43983f90-d275-459b-ae4d-5e2c2dc58c35
NXSHEAA00241305C047600,43b3eed1-98a3-4754-a464-f49b7c1b2d66
LR048PQ2,43e5970d-0b41-426a-8614-11a917393f8c
LR03Z1A5,44595065-c986-4838-bb08-5c028b81af68
LR03Z1AY,45dbbbd7-9ad5-496e-ad42-37a6e51e594c
LR03Y7TX,460d5ed6-2cf9-46f0-938f-afbdd50c9d54
NXSHEAA0023510CE497600,471f6707-0aa2-4442-a8d4-f5b5b48074a6
LR03Z1D3,47790686-ea95-4e0e-8bef-869c70a8972f
NXSHEAA0023510CE3E7600,4782da5a-e870-420b-b773-22adfd569f8b
NXSHEAA00241305C1B7600,47bdf9a0-b780-4c5f-89c5-0b5d7dc8bce8
NXSHEAA00241305B617600,484657e6-e93c-494b-b75a-ff343c197507
LR03Y7U2,489d2a9e-c0eb-4001-8eaf-0e924df40c80
LR048PRB,499c9d6a-7364-4df6-abf2-6b8aafaf1cd4
LR05XQWT,4b60765e-7dc2-4fd0-aae0-0b00f4a33b1b
NXSHEAA00241305C237600,4b92c467-80af-40e6-9261-33eeedf0af09
LR03Y7CZ,4b947139-0af1-43f5-8709-3c75747ac175
LR03Y6V1,4bcc1b8b-eb28-40de-8609-8fa2489b41e7
NXSHEAA0023510CE017600,4cc1ce75-082a-4fd5-a60a-f5092bf378ac
LR062EFK,4d5fe469-af21-4468-baa1-ba49d31c2c8c
LR03Y763,4d74a1a5-844d-4ad1-abe6-db9ced42d20e
LR03Y741,4db03802-c338-4555-aa4c-6dab2bc5f5c4
LR0634DX,4e460207-38e2-4e5d-9a77-d6386850f0c2
NXSHEAA0023510CD817600,4e94071d-8348-4509-b26c-4ba90f3ff8aa
LR03Y7TA,4ee78afd-4ba8-4341-8cd6-0b240468aba0
LR03Y76L,4f6792cd-b3fb-4068-90c7-b1f57983b24d
LR03Y9W6,5029bbb1-7c40-40a8-b288-917dfd0c95a9
LR062TEV,509fd151-e2b8-4c90-81fe-52e723e7c6f6
LR048PRZ,515baf18-7881-409e-9071-5b9debd7d8ef
LR05XQWN,51dcd07a-c7fd-4ce3-8509-2caa098f962d
LR05C95C,51f25d2f-0291-435d-a0a7-67b763b8c87b
LR03Y7CK,5223aaa8-62fb-4bb0-a2c5-ef3dab38b3b0
LR03Y9ZV,52d03dfb-05a2-4591-aeb7-eaa27b737da0
NXSHEAA00241305B307600,52d8ed24-6557-4fc3-bba1-793304fd93b8
NXSHEAA00241305C357600,531e6b6a-2f67-47c7-81a9-42abe7e692df
LR03Z18G,53603486-bd93-4e6e-9e4d-0b274d042da1
LR03Z17S,537133b7-ac6c-481d-b4aa-0afdd59cbefb
LR048PRY,53bba569-0012-41cb-b455-482569965ccf
LR05C95J,53f0e307-5709-4cea-bb89-23b491fad8d0
LR03Y7DL,545a83fc-75da-4064-84f2-144665c690d6
LR03Y7NW,546d24bb-2d20-46b8-984c-675c87517405
LR03YA05,54b79a4a-fd24-46e5-84ae-6a550a59a1c6
LR03Z15Z,54c8bfff-14bb-41e5-85cf-feda3fe6909e
LR03Z1A0,55067799-8e00-4ce7-9fda-63b614b91eba
NXSHEAA00241305C0A7600,551fd9bd-5855-43e2-be8e-fe473ffa449c
LR03Y765,552c36c4-45e6-4df7-85d5-21f2b44c4456
LR03Y7RN,556bfbb1-1ff0-4922-b62a-68566dd4120e
LR048PUK,56079972-6103-4562-8cf9-0ea5f0dcda2f
LR0634LY,5663d7bb-ebd8-4966-b102-5318e3acb3aa
NXSHEAA00241305A367600,5679638b-047d-4e36-91e0-b450b8cc049b
LR03Z1L2,56ac2a0f-1194-4b8c-8641-911ed0dcd83e
LR03Z1KG,56ce556e-4239-475e-adab-46d7b849e08e
LR03Y7S9,56d80bfa-a5c9-411d-b2f3-c297dfc9c176
LR03Y74H,57475f48-9a97-483a-a3a9-fb776433ac88
NXSHEAA00241305B3E7600,577a9514-d4e3-4b21-ad79-ecdc4b82a1a9
LR062TX8,5822e124-9b80-4d33-b3f6-56a28b0ea605
LR048PUE,58637fda-8741-4679-80ea-7fc6bd9c9ba6
LR04550J,58b75bf4-0365-43bc-b5ee-380350e65bae
NUSH7AA0173280B8133400,58d20668-3b44-4d04-9fe6-d50d63cb3849
LR03Z18L,592520ca-a6ca-4446-8e67-2305255b8e9c
NXSHEAA00241305C467600,596f562a-af12-4385-a758-329aec9d885c
LR03Z18Z,59793e65-f0c2-4fe9-b3df-775d1babe21e
LR045224,5ab15527-9918-4130-97e4-25c8d9f23c30
NXSHEAA0023510CE107600,5abf14c7-b7cb-494c-9bd9-64c7aa5c3b02
LR03Z1L0,5c1130bf-ab20-42fd-ac3e-063d503211c3
NXSHEAA00241305AB97600,5c30cfc9-d9b4-485e-8fdf-7b4e752b4aa1
LR0634EL,5c925804-4e75-4038-a373-975251c172b8
LR048PW9,5cad03ad-da9f-4fb2-b1fc-74638759ce6b
LR048PSA,5cc76c70-9559-4ba0-9702-9293c50d49cd
LR03Z15F,5d498c67-9e7a-4b62-ba9d-5ec5d87622d4
NXSHEAA0023510CDC57600,5de7f8d5-4cca-4fd4-9448-c51f1dc8657e
LR03Y6PP,5e8c97f5-3801-4793-853a-06c420b3d335
NXSHEAA00241305B2F7600,5fb90840-03d4-491d-9151-b2ca74bb95f7
LR048WZT,5fe65118-3e2a-4dd1-82a6-9f0389745657
LR03Y75D,60b49863-0323-42e4-a028-a192460d3457
LR048PQ4,60ca98a9-87da-412f-adf0-78e86e4560b3
LR0634VL,613322e1-b9d0-466f-b135-9af312a2def9
LR03Y72Y,619c6344-fd67-48e9-ae06-66c9712dcd05
LR04988J,61e9b207-e8b8-4fd1-978a-c7b9620964ea
LR048PU5,61f19ad5-3f4e-4be6-a9fa-832a10330415
NXSHEAA00241006AAA7600,6230862a-6d58-44c2-a85a-ffd8ec3e0dbf
NXSHEAA00241305AEA7600,624983ba-7270-40a0-8465-1560e922cb3b
NXSHEAA00241002DFF7600,626822f2-9b50-4333-a140-5def45aec52c
LR048QKU,62f00083-f888-4ecb-875b-6f4dadb43588
LR0634HA,6340e874-a048-4dfb-b5dd-723bd0ada730
NXSHEAA0023510CE287600,6386fdfb-e13f-469d-9337-aad74e32239a
NXSHEAA00241305B3C7600,63d7ee4f-5e68-4429-b692-e835a610f11c
NXSHEAA00241305C477600,64411ce5-bc22-421e-9aca-b3037188b315
LR062TZH,646febc5-66e9-4183-937a-7a1aaac9e351
LR062EEU,64883f1a-6e3f-4f65-8560-24bf2d44a8a3
LR062U14,64a74e21-2df2-40b5-93b0-9125abc13bdd
LR03Y74D,6517c0e9-47a6-4263-b6ce-434c030dd4cc
LR062EHL,66395521-26fa-48e4-ba65-528f3c1c8a06
LR048QAY,666128a3-8ff2-4127-a1a9-ecd3172be358
LR048PRC,66c5ac3b-91a1-4951-8538-31901dff08d9
LR03Z1A4,675034f0-f649-4d92-ba00-9f11135eb75c
LR03Z19G,676c7b7c-352e-4ae6-b469-99b039ce30b3
NXSHEAA00241305BF07600,67a5a07f-f9f1-4399-b35a-893f6fc66ee6
NXSHEAA0024130598F7600,67d6f679-0593-42bc-8273-fb1213de3d25
NXSHEAA00241305C667600,67e77079-5bbd-40bb-ac6f-83fadb6f6aca
NXSHEAA00241305C0D7600,694902e3-3cd9-4a3b-99c9-4c7bb4c8994e
LR03Y72T,69d875be-7e45-4179-b157-258a1f6d9469
NXSHEAA00241002E2E7600,69e50461-de5f-493c-8b1f-a895377f8511
NXSHEAA00241305B1B7600,6aa4d5bd-4497-4709-8c0d-39b4c951bd2e
LR03Z188,6ad1db81-74e0-4cab-ae05-bfcbb79546e5
LR03Y7Q6,6b64bd58-07e0-46ac-b60a-f19145d7f7e1
LR03Y73H,6b8d6024-e214-4df8-9539-77e99e8a41f1
LR048PSD,6b964baf-9695-40ad-a4b4-ccbd6b0767bf
LR062TYT,6c77ea3c-1172-437f-bc07-563bb48e105d
LR03Z18M,6c8222d6-1a84-49f4-b774-0b7334088f76
LR03Z196,6d36defb-4b1f-46b8-8ae2-603d1ed18da5
LR03Y7BX,6d7b626c-690c-4cf1-b21a-59552f8d1268
LR03Z1HP,6d94b84b-21d1-4a9e-aae0-4f7a4203308b
NXSHEAA00241305C027600,6e6b3f3e-dc6d-4bdb-836d-8d7256881243
NXSHEAA00241305C437600,6e8264f5-3e00-44e6-8ead-5ff5c0a80911
NXSHEAA0023510CE5D7600,6ea4167a-55ae-4816-8ba5-b739fc036019
LR048QKE,6ea8d138-a163-4709-b93b-9830f78d045f
NXSHEAA0023510CE0E7600,6ecd778b-fe62-4b79-acb7-8c3ecf16b75d
LR03Z1JS,6efb2379-f32b-4fc6-a80c-c1d1815c122a
LR062EJ8,6fb42858-4950-49cd-9151-8ce1edbfcd9f
LR04526J,6fb9291f-b9d9-44fa-899b-f3c75c02ffed
NXSHEAA00241305C3C7600,6fb9db89-6e3a-4712-958e-bd0c1efb37c1
NXSHEAA00241305B9A7600,6fec41b7-5edb-4192-8206-2d1edaa456cf
LR048PRS,70ce3666-c2a8-437c-bacd-cf7c350a64e0
LR048PRW,7275280c-ba49-4536-9067-5eedf7b86221
LR03Z16P,729b13ed-5ef8-4df1-bc74-ab93e6c482e1
LR03Y737,72aa042e-282f-459e-b941-5f9e1c7e9794
LR062TZ4,72cafc9f-d08e-418a-b813-f1c9dedb4206
LR03Z154,736df721-8030-4349-9a6b-a3fcccf9bb28
NXSHEAA00241305C2E7600,74034cfe-4869-4c5c-a518-d22eaf1aec4d
LR048PQK,7418c187-4165-4129-ae32-d058084b0b16
LR03Z180,7488907d-3b5f-4fc5-b2ee-3f136fea4b4f
LR05XQW5,752a7559-541e-4bca-b459-624bd5f8529e
LR048PSF,761f8307-9a9c-4ba5-8f4c-3fc14f120c6a
LR04522Y,766b5fc3-1d96-4b1d-812e-55d3cfb0e0b9
NXSHEAA00241305C5C7600,76897db3-9843-4c7e-9bbd-7757ce9f2848
LR062EK1,7690cc4b-07fa-43e8-9661-44e0003ddfbb
LR05XQVW,76d4d4ea-7018-4b1a-95e1-037b041c31ec
NXSHEAA00241305C3A7600,76fbce26-e505-440a-9733-b5460803431e
LR062U0J,771a6f4b-4d82-4f29-a737-9f65db047433
NXSHEAA00241305B337600,775f456b-5a09-474a-9d76-4d21f4c6d4da
LR03Z1K5,77cb66c8-f6b5-4726-bb3c-c2028d92bce8
LR03XW2G,77f86343-fb94-42fd-9872-fe3524233a9d
LR062TY0,782b67ea-6fac-4d6f-bb38-f58694e7bf9a
LR062EHE,78469c50-e8e8-4971-a11a-41e213453e7b
LR03Z1JW,784ed2e9-70ea-4517-9835-f52b0014a0b9
LR05XQXJ,78ace43b-27eb-491a-b561-72b9eca46647
LR03Y7NZ,79b771bc-c1d2-402b-b312-d8836322eee9
NXSHEAA00241305AFF7600,7a0fa619-98d7-4036-a7f4-560f34fb7859
LR062EFU,7a332965-11cf-4a13-bb7f-fcf963f8a8bd
LR03Z1LP,7a705543-6857-4a28-a232-ea107ec96606
LR062TXG,7a899b36-3da0-4728-8f7c-e03e426502cd
LR05BYRD,7af69556-1b32-423b-b1bb-5d369b181c78
LR048PRH,7b05db50-5d89-4439-9624-dd953494d48d
NXSHEAA0024100255B7600,7bc10d55-2bf6-4145-bdf9-64852a20b51d
LR03Z18D,7c4907cc-dd29-48e3-83cb-ccc0fb498c23
LR03Z1M2,7c646686-5bc5-48dd-9285-d6760d7e92c1
NXSHEAA0023510CD0E7600,7c89ee13-fd74-4a51-9df6-090601678678
LR062EDD,7c8b8b7b-3573-4715-8e59-f4fee5efef7f
LR03Z1KE,7d08329b-2f17-42be-8c32-2f66ced3cb6d
LR03Z1H9,7d485d1b-3428-416c-a05e-3fcc248edbaf
LR048PT3,7d967403-c583-4252-a023-830ca377ba01
LR03YA0E,7f1b9b25-787f-4671-b821-48270507c2ed
LR04988M,7f47523b-102f-4505-a069-7f24b4749f47
LR048PTJ,7ff46e99-0eca-450c-b065-3231cd368bfd
LR03Z17B,80525e5a-4817-4c35-b182-041d5535a9e1
LR03Y75G,809537d3-549d-45df-a7cf-63428aafe659
NXSHEAA00241305C297600,80c7418b-df4b-441c-8876-2ff796bc5d73
NXSHEAA00241305BF47600,80fc2ae7-e0a2-4421-95e7-b12c15443683
LR03Y9YX,80fced98-f1e5-4f4e-8fce-811c29c943b2
LR03Z186,8146931d-4ead-4a9e-b892-19723567d07d
LR062EJ4,8153a7d5-b477-43b9-8468-fafc1288e2fd
NXSHEAA00241305B1D7600,81c81678-ce60-4f16-8d9e-7c1c2b92fc6b
LR05XQZ8,821d3fba-e704-448d-8096-651144066fef
NXSHEAA00241305B697600,823be647-10a7-4d15-8e10-b17429df2196
NXSHEAA0023510CE267600,826cf96e-0511-4f48-81dd-1871e5d9040e
LR048PTY,82b32411-1337-4c41-abfe-83062d4fffc0
LR04522V,82ba04a5-37fd-4e5a-bf5b-febf70d6fe3b
LR048PQP,834d074c-9766-4b16-a249-de4aed9a6ab3
NXSHEAA00241305B2E7600,83cc05db-8aaf-4d47-9e83-8e34194a2c25
LR03Y6Z6,83d90e76-c2e4-4d01-9836-8ca19d5e5508
LR048QJQ,842bf2fe-3dae-4ef7-9cbd-c5d695e3e797
LR03Z1KM,84718af8-e2b3-42a3-bd4b-dd173b45695d
LR03Z1MD,848e762b-9483-4c05-9201-1977778e693b
NXSHEAA00241305C617600,84b00e02-661f-4829-a866-1620ed3399bc
LR04522N,84d340d1-0dd2-47b0-bf51-59d18f456ee1
NXSHEAA0024130596E7600,8565d348-0998-44fa-b209-2271eeb1f77c
LR062TXU,858ea4a4-85a3-451b-8c8d-4c911db9482b
NXSHEAA0023510CE4F7600,869be50f-6c08-46ea-842e-40e45b9cbc5f
LR03Z1B3,870fd25c-ad67-4dc7-8704-cf60ee58296d
LR062EHX,87d0c8f3-e56f-4644-b6e7-97fd67cd5459
NXSHEAA002413061A17600,880689c1-0030-43f6-9061-8c749c9ae181
LR03Y7GJ,88e7485d-ea6a-4558-8221-e8b10a3e56ab
NXSHEAA00241305B3B7600,8a8b5fe3-6579-4509-9c48-812e3e62f836
LR062EJF,8b6e66d3-6e62-4523-83c9-6c413da71b3a
LR03Y74S,8bed1d47-d4cf-495f-96e6-dbeb43ce408f
LR048PQ6,8c82ad10-9a67-4738-a49b-4abdc127c92d
NXSHEAA00241305C0C7600,8cc9bd6c-7f38-4b68-b521-97a5b60c7a47
NXSHEAA00241305BC57600,8dc4f4a0-2b01-4842-9608-a159250da232
LR03Z29P,8df20dc2-6ec0-4ead-ae41-0a49beda5ef0
LR045503,8e557731-d3c3-4a17-9a35-fb826c77cc4e
NXSHEAA00241305C107600,8e65852d-37de-4dd9-ae5f-25428278258e
NXSHEAA00241305B0D7600,8ef4130a-5fb2-4a1e-943f-b7c8a5417201
LR048PSM,8f45636c-9a33-42ec-b8d1-096ee8b3824c
LR048QK9,8f62ee77-9003-42a6-97b5-4dbf63fe12c1
NXSHEAA00241305A6D7600,8f6a8e42-eba2-49b7-9089-6e998de69d29
NXSHEAA00241305BD87600,8f8f5ea2-fbad-42f8-88b8-ef68fe3b266d
LR03Z1ET,8fd5f184-92ab-4b0b-8208-61c642f99ae9
LR048QJ9,8fe7375e-51e6-419e-ab0a-b59be8d3c259
LR03Z1KF,8fea0116-a09a-4ba7-99d9-e3a59f6c3ba4
NXSHEAA00241305BD17600,907e1d38-d8ad-4930-a9af-87a80d5360e8
LR03Z1JM,908a0f15-a27a-4ba3-b641-4abe3da2303f
LR05XQZU,909538a5-1c8a-4326-b704-e13e9ebca862
NXSHEAA00241305B7C7600,90cdbb35-4e93-48c0-999a-139a6894e63e
LR03Z16A,90e684cc-1da4-4a4f-98ca-6af6fafa0832
NXSHEAA0023510CE067600,90f37e1d-2070-4491-b8fa-bf79a5a8ed02
NXSHEAA0023510CE0D7600,92b6bf96-e626-44b5-8811-e65770f39fbf
LR062F42,933f94f9-c874-4e4c-87d4-ae7ff29ea79b
LR048PTG,93f1ab58-6e66-45e5-89bb-2006023bc7f9
LR048QHR,94628fec-ded9-4484-945d-bb1ce02dc6b8
LR048PRT,94aad158-6388-4c0c-aadb-84d9e6ee78c3
NXSHEAA002413061967600,94fae043-553e-471a-b479-e788b3f873d0
LR048Q9K,952f8fd5-6b4c-465e-a78d-b817279c8574
NXSHEAA002413059B67600,95336609-0f27-4f79-997c-e663444cd644
LR03XVX4,963317c0-d802-4960-929b-74475ffccd7a
NXSHEAA00241305B487600,96ab70da-0f9f-4ac7-ad3a-acc07ed0ad40
LR048Q20,97befd38-e178-4c73-8637-a88d280ea973
LR03Z1HZ,9845fa03-54e8-4def-b1c6-b8aeef9663dd
LR03Z19A,98725afe-742d-4850-ad53-5c8354ed601c
LR03Y7EK,988d7929-2d8d-42ac-afec-5cc3917ed65c
LR03Y7KG,98fe877a-ab98-4f0c-84b5-5b575ff1f108
NXSHEAA0024130619B7600,997b0e7f-7fef-4d55-9a3c-42fdd6cff951
NXSHEAA00241305A5A7600,99a6d8d0-4fde-4296-a887-2c8365e82331
LR03Z1A3,9a480d54-c2f5-46cf-9bbe-074945ef7cf9
LR04523S,9a4cb19c-025a-4368-a3b4-2510e5a6b67f
LR03Z18R,9afcf7b2-a20c-4111-8054-02aa420c742c
NXSHEAA0023510CE157600,9b650f5a-af89-4aae-a165-e5c825e5743a
LR03Z19W,9bf3e756-85fa-46ea-93ec-d88747856026
NXSHEAA00241305B5E7600,9c88ade9-8156-4d73-a291-5d063ccfd0b4
LR048PRA,9d44839e-2413-4816-9dab-5147dfd013c9
LR0634UK,9d620c8d-dca2-486b-87b1-3df4fe13e37f
NXSHEAA00241305B057600,9e7c99b5-c5bd-4d05-9908-56a431754ea0
LR03Z1JN,9eda5561-f2bc-403b-b28f-43b93b1e6e79
LR03Z1LD,9ef4ab46-d21a-444e-9549-cf2b4b797da9
LR048PR6,9efc624b-e5aa-4bf8-9ed1-53613b5ee669
NXSHEAA00241305C217600,9f8bb769-b93e-43ec-ac53-2962276bbddd
LR03Z172,9fa9ac1e-c7d1-496f-b63d-4231a386ef30
LR03Y76Q,9fef5989-bac3-4dcf-9084-6394c02b8172
LR062EG6,a0292e49-7d43-4337-bac9-89bbd4f56426
LR03Z15X,a0f5180a-ad70-426d-acb3-3201cc5505ee
LR03Z15A,a2c80761-ec12-418f-8806-de3aa02a1660
LR062T6E,a2f81540-9e41-4e8a-a9f6-17991298e1f5
NXSHEAA00241006A537600,a35b8758-f034-4c55-8739-bcca0ea1e246
LR03Y7PC,a3cfd019-5d25-4d46-8ff1-6737e256474e
NXSHEAA00241002E137600,a41f0eee-a2a1-4735-a1f2-2e2c596bc561
LR062EMZ,a4833fa2-36b4-44e3-8b77-24688ad89d74
LR03Y75Z,a484ece6-c493-4998-ac39-108cce38a2c9
NXSHEAA00241305B077600,a5578165-836a-475a-9e03-b0a88b443e89
LR03Z1EH,a566c9dd-7a90-4bb7-b1ee-475bad32184c
NXSHEAA00241305A997600,a60f0ab6-c4e6-4554-a869-d44c737a964c
LR03Y9W8,a6619ebe-451f-4ecc-a7c9-5bfae8b10997
LR03Z152,a6d2d4a6-d87c-4f01-9840-a026ad6a072b
LR045230,a746dc5f-f04f-4ffb-b5f1-748d27689e10
LR03Y7T6,a7a462dd-10b0-4140-b208-120cea6cfa7d
LR03Y735,a7a721dd-71ef-4620-8a7a-ed45cbffe2a1
LR048PRE,a8132061-186b-4f70-85f7-c4a0d44343f4
NXSHEAA00241305C277600,a856472a-164d-498f-aa7c-ec9d0e0393e9
LR03Z1F1,a8668216-6970-4c56-95be-9029d8f9a7d5
LR03Z19R,a87c422d-fd48-4d1d-876b-13c3717da1b6
LR048PRG,a8916251-ddaf-4c9e-b377-81e4e9bc6c21
NXSHEAA00241002DF87600,a8c0802d-34a8-4a00-960a-3a1e6bd1f9a2
NXSHEAA00241305C057600,a8c75a20-c2bb-44a1-b43d-ffbf7e510078
LR04522G,a92c178a-f38c-44dd-ae13-31d652a87da6
LR03Z1JE,a9546f7c-56aa-4afc-9753-13a17cae2247
LR0454ZC,a95602f0-6d5e-4f75-9604-07997144688d
LR03Z151,aa6de25a-9a55-4b26-9a79-121a93b6b885
NXSHEAA00241002DE57600,aa6e552e-092e-4a86-b93b-212af6e125d6
LR062V7H,aac6e73f-016f-44d2-9169-59a82b8f530d
NXSHEAA0023510CE327600,aad393d1-6683-4183-911d-ca7a6f4d7b34
LR048PWR,aafe58b8-357c-4f32-9216-c2d101f6ea48
LR0498B5,ab11a70a-a699-49e3-8f9e-b6ead1c0c2ea
LR062EGK,ab4a2718-bd05-45fd-85d1-dad3cf95b994
LR0634F2,ac242fcb-a196-4dff-b710-6468890b8835
LR048PRM,ac80d795-385b-469b-85da-e3b4efef52b6
NXSHEAA0023510CE177600,acad4478-178d-4f2f-bcb3-7b11600ec5f5
NXSHEAA0023510CDE07600,ace162e0-7bc1-43f1-8990-b08d7878d8cd
LR03Z19E,ade5cea8-51ef-4fcd-be90-e27475d3346f
LR048QKB,adef7cb0-240d-4dd3-a0a4-f4f1b0419f1a
NXSHEAA00241305C2C7600,ae04391f-19e2-4322-ba3d-4e570335e3de
LR062F54,ae5168a3-762e-4c9b-9403-e3453e986706
NXSHEAA00241305B447600,ae57dfa0-9dd3-484a-bbed-972aac294372
LR03Y7RX,ae9ec642-cc4a-4c81-892d-32d670286c88
LR03Y7NP,af8b99f1-c19c-4750-bb66-09af4e40372d
LR048QK7,b06d3712-c470-4d6d-a980-206db28a1aea
NXSHEAA00241305B637600,b09561b0-b6df-4f26-a856-a45c09bf3c99
LR048QK6,b1696015-f44a-43ad-9e03-0c2b5a68cee1
LR0454W1,b17886e6-60d2-471a-b03b-9f4885910ede
NXSHEAA0023510CE1B7600,b18ead53-b6bf-4e50-b4b5-c715b6f5eeff
NXSHEAA0024130599F7600,b1fde892-d062-4546-9058-95722e646b68
LR048PRD,b2080df5-fada-44f1-9ac6-2eba90f87902
NXSHEAA0024130596D7600,b21315d6-7e46-4b2f-be87-7b06d0b3bbd5
LR062U12,b22081a8-b6db-4447-9bf8-2904c78a045f
LR0454TS,b26139ca-20d6-4384-b56c-ab89e0c8a260
LR03Y7SM,b2b7f3a0-6550-45a6-b013-0f5916173fd2
LR0634TL,b2c72316-358d-4cfb-a881-f654622e381c
LR048Q04,b2ecea37-4181-4c3f-aba0-74783dfdd509
NXSHEAA00241305BE67600,b2fc312c-e08e-401d-bf1b-3a1226e63809
NXSHEAA00241305AD47600,b3156f64-5fd8-49e1-80d7-064140bf779b
NXSHEAA0023510CE047600,b3327a73-e62f-4693-ba7f-4869280ea1e3
LR03Y7RY,b3767493-e90c-4ab7-a123-fc21e30fab1c
LR0451Z0,b3a035e6-a896-44a4-858a-5265a351fec9
LR03Z19B,b3e8dda0-c77d-4876-8dfe-75f6c76b3fdf
LR03Z19Y,b465ab84-d424-441f-8138-43bdc51c634e
LR03Z19C,b54cf5a3-20e5-4467-8b39-b34aad6869dd
LR03Z1K2,b57b6019-fbf7-4bb6-aac3-8832235d0124
NXSHEAA0023510CE2D7600,b70728e6-927c-4c3d-bd21-94b4e2a87615
LR03Z195,b730b542-52a1-472f-a2de-4c9790308344
LR03Y7QU,b7ac4b63-96d5-435e-81c7-041c469194b4
LR03Z1GH,b7d80b35-6efb-473f-aee9-f86e809359c4
NXSHEAA00241305C187600,b80a8ec1-95ef-4d92-ac3d-44e85be84913
NXSHEAA0023510CE197600,b8103980-0074-4ce7-9229-8f757e3e6fd1
LR03Y7D7,b869cee7-f158-4464-8029-c94028928d7e
LR03Z1MC,b93ba0ad-a898-4c4a-af38-14ba5b37e18f
NXSHEAA002413061927600,b9be94c9-015e-411e-aee1-3f59ddd28e41
NXSHEAA00241305C1E7600,b9e7c146-eeb7-4b7a-9291-60880c8e3bcc
LR04EX5S,b9fcef83-157e-4794-a808-66b63e45811b
LR048QKF,ba81eea8-96a0-45e7-9a1e-2c98f9c2d510
LR05BYR9,bad552fa-8a79-48f1-9a67-f634d2acc73b
LR05XQX6,bb51dd82-69c8-49a6-abad-27eb82106839
LR03Y75T,bb571472-8b48-48d6-a1d7-5909913649f8
NXSHEAA00241305C417600,bc101c86-b054-44b5-b184-b29d6b044ee4
LR049899,bd611ac4-8bd3-4d76-b819-9f8cd85aec4a
NXSHEAA002413059527600,be59abd0-2065-4969-ad95-2dd4f82c44c5
NXSHEAA00241305B047600,bf6e1e14-1db0-4eab-adc8-cc203f6db0d9
LR03Z1AX,bf7ad3c0-3e88-4d94-aa67-eb662997b4bf
LR03Y756,bff35cee-6cc0-4143-86fb-bcc65185407c
NXSHEAA0023510CDFF7600,c009e749-6a85-4308-a263-be8cabede97d
LR03Y7TY,c2ddb6e7-a593-4cf3-be78-79c33e5d7882
LR0634LV,c3863b31-aa5e-4e7d-b8ff-1ac651cdcb83
LR048Q0N,c3d3bde7-2ad2-4e18-a251-51a4cafa689d
LR03Z1L8,c3dc5866-8b2d-4741-9942-bf76ce2bbbf6
LR062EAN,c3f82ca7-f8a5-4810-b4a6-4deae8baa545
LR03Y788,c42866ca-c62d-4b45-ab24-f529ced104f0
NUSH7AA0173280B8543400,c428e255-2667-4ffd-b073-631872d78b2a
LR03Z168,c43d34ce-8a38-458f-88c9-84543e9dfc00
LR03Z16J,c4d9f013-d720-46ca-b149-b01623150749
LR048QJ6,c5940aec-2aa1-41ed-8fa8-6b4a2c7edf15
LR03Z1K1,c5a8741b-7650-4fcb-8f7c-f0f1e8bc7469
LR0451YF,c5d6bd36-ad1c-4bde-a92b-21623c995754
NXSHEAA002413061AC7600,c5e72d35-df8a-4e79-8f3c-9d4a45e4c2d6
LR048QGV,c5ed099b-b7b9-461a-98ec-a451d99b767b
LR03Z1AH,c5feb672-8dba-4aba-81b1-d6df25bcf915
NXSHEAA0023510CE467600,c6a990ba-a25d-448f-9b49-af54697d55c6
LR03Y7EC,c6f1994d-73d5-4556-aca9-e20ed222d315
NXSHEAA00241305B3A7600,c7868110-84f9-4100-9551-4d90f23cdfec
LR03Z1KQ,c81fd33f-a279-497a-8c75-28e77561c37a
LR03Z1A7,c8526759-4b69-4178-b8a0-f7e57f8d8948
LR062EKR,c91011e6-0e8b-4e0d-8611-3c3412ee071f
LR03Z1G4,c9b32c4f-bac0-4bca-becb-dad174615d4b
NXSHEAA0023510CE167600,cb5da4c1-79d2-4dd3-b51a-0248a44d8eca
LR03Y77J,cb7fbe79-fc95-4637-ac2f-51c0740c40dd
LR048QKR,cc224004-3b6d-48e3-9e85-234e465cc1d0
LR03Y7LD,cc2d52ac-69f5-45f3-b465-6355af35de48
LR04526A,cc31558c-864f-44d2-a814-d90f800b6710
LR062TYK,cc4c7feb-58b1-43ac-a21f-666e062a174d
LR03Y70P,cc789bb1-db85-4a79-b833-2fba7cad61b5
NXSHEAA00241305C2A7600,cd06e537-31bf-429e-b5ed-7373b69ea7c1
LR062F51,cd11a8d2-2c1e-4a85-af06-510ad91cd714
LR03Y7SF,cd317583-7507-49d5-80a2-1a7db463ddb1
NXSHEAA00241305B227600,cdeb7e37-506b-4b4d-b99a-2c29b78589f1
LR03Z161,ce26aa6e-b927-4dee-9f84-247d2a9f7975
NXSHEAA0023510CE487600,ce557b6d-85ee-4537-92ca-7c25ec8ed6f2
LR048QJY,cea20ac7-73b1-40ef-8cbd-ff5fb778fef6
LR0498B4,ceca38af-bf11-477d-af44-c33bed19c9a4
LR048PQD,d066e654-3b57-4a0e-a607-8b5c83f816dc
NXSHEAA0023510CDE87600,d07ef4a5-bb7b-43be-a55d-4b66bfabad2f
LR03Y7RJ,d0e64bfb-dc95-40e3-af50-72fef907f217
LR03Z1AV,d256a4dc-ee9a-4f2b-b611-ef908c45e85b
LR04525E,d276c5b8-b245-48e2-8284-8c245b80720c
LR03Y9YV,d299bd13-61bd-44e4-b147-838e0a66e1ac
NXSHEAA00241305C3D7600,d2b91c6d-20b2-424d-8df0-f569c5646abc
LR048QBQ,d2e0ff82-8977-453a-91dc-0eda280fa0ca
LR048PV6,d433718e-044f-463d-8e5a-9cc9e01f5da7
NXSHEAA00241305AF87600,d47f4bbe-fd3f-499a-a674-6b779331df2e
LR062U0X,d4a0bb5c-ffdc-4a27-b511-d11a4fdb1b83
LR048PR8,d547b7c2-f62c-4dfa-b053-7108ce2520b7
LR05C954,d585ed3b-5b95-4bee-a96e-9eb3f8b54c50
LR03Z1AA,d63fe7bb-1223-4c6f-8859-e8c8dd027e41
LR048PRL,d6e3098a-99b4-4c25-bdbb-6f76ad39c3d1
LR05XQYQ,d74cf2eb-40ec-437b-939c-3c3965567889
LR05C95H,d776e953-2b29-4461-8a03-a21ecce3bb9f
NXSHEAA00241002DFA7600,d894a7d5-aba2-4493-93a2-3aca88bcb160
LR05C910,d8db8d5c-d010-434e-a4ba-86fc3cf3364f
LR03Z1FV,d90f0814-e0ac-4898-b962-74cc8ec9bb53
LR03Y7RS,d99e780c-72a8-457e-a3bd-59a75e795cbb
LR03Z1LA,d9a9e631-8f5b-4729-8ed5-5b57a2130a26
LR03Z1BF,db3fa3b0-7389-4032-9ce2-967016b2331f
NXSHEAA002410025967600,db690e17-fdff-4134-a3ef-446858163917
NXSHEAA00241305A7B7600,dc20f42b-3b2e-4f6e-a25f-826b149138fa
LR03Y74F,dc6a3357-7999-42f0-9c57-1d653fa3d306
LR03Z1AF,dccd7c2b-5322-4917-83ba-8022157f98d6
LR03Z1BP,dce92ed7-6064-49a9-be4f-177d78e13d9a
NXSHEAA00241305C007600,dd82bc66-d098-45a9-92f1-f65c3f35cce1
NXSHEAA0023510CE367600,dd8ee5f4-645f-4ae2-9af9-7aa6d6d0127e
LR03Y6MY,dda2c351-7018-43ac-b2e6-a919f8504f1a
LR048QJB,dda4d7bc-bf1a-4bdf-94fe-f3c3fecc6070
NXSHEAA002413061A97600,ddc6bc1d-ef0f-40f3-b1bd-3c22fec41e7d
LR048PRP,ddf2a11a-9b23-47a6-a4d3-97e667bcd732
LR03Z1JZ,de0c41c9-d730-4731-be1e-74b2b3a93149
LR03Z18C,dedec882-afb8-4bc9-9862-3459d0b050cd
LR04989U,df36422f-8ea8-47a2-92cd-0d9a90a288b5
LR03Y76V,e0a0011f-9499-4fef-9cbb-ddeea60e6475
LR05XR6P,e10997c0-555a-498b-b164-38c2e0e45f50
NXSHEAA00241305C167600,e15807d4-a56b-46fd-9b55-e735934bfabf
LR0634TJ,e2d02d4b-a7f6-4b6b-bb77-dc5ef3c7fdf8
NXSHEAA00241305B027600,e2e4b5d8-10a7-4741-9e41-a482e5aaca52
LR048PTV,e38aa0d3-cff3-4256-96d7-0e5349df5297
NXSHEAA00241305B187600,e397e975-01bb-438a-8e24-916808af3f76
LR03Y7K7,e45ee817-0f2a-47c7-8ab6-e7638440de79
NXSHEAA00241006A487600,e608eac9-dfc7-4759-bfad-ee8b67bd3093
LR048PQ1,e672282c-31eb-45f0-8649-f10bc03249a5
LR048QBP,e709d9d9-9e02-414b-92da-862bf96f7b9d
LR0451TK,e7883781-66b4-4447-b0df-3588d83d34c4
LR048QJH,e8abc689-0957-443e-bbcd-2d295724fa30
NUSH7AA0173280B8A73400,e93117c1-f5d3-4393-b9bd-be34cad0e362
LR048QHS,e9c886bf-db79-484f-9263-9324fe09d8a0
LR03Y75F,e9f865be-ffec-41d9-b3d5-9bff4a0bc275
LR05XQVU,ea859721-3129-4c3c-a9b0-1fc65ac43f3c
LR03Y76T,eaa197a1-d817-427f-8102-8edec1fb43af
LR048QJ3,ec0896bb-ed46-494e-a065-6e230ade79d0
NXSHEAA0023510CE077600,ec3a91f1-6cf1-4fe6-b4d8-3f48ddd03588
LR03Y75N,ed46421a-9382-459e-9be2-7ffe0482d3a5
LR048PV9,ed57b1f2-aa65-4bfb-b5ed-f2e95bd867c9
LR03Z1JR,eee1e88c-36bd-4833-b375-b09867b2ebe0
LR062TXW,eef226ad-5c6d-4032-ba94-b21f59ca04bb
LR05XR7F,ef09b607-2e7f-4244-b778-c5851a95323a
LR05C94D,ef176fe1-b96c-4837-b28a-b89be25039f3
LR048Q86,ef9ad357-3be7-4780-b5ec-a5861790a160
NXSHEAA002410024717600,efed0d31-9156-4d20-bb75-7fbccd4d2b96
LR03Y76G,f0723108-1fe3-4b48-acaa-4efc6e21f9ce
LR03Y7FG,f087ed46-e410-40b8-a153-54177b4a5bfb
LR048PQ5,f0a7fe9c-7c9e-4b0e-b07d-2f3381825106
LR03YA0R,f0ae756d-7832-4312-88fd-a8b288653e25
LR062EGV,f0ce6050-5c30-453b-aa51-b5b35fb57e9d
LR03Y7D2,f12f7cfc-d871-4c5e-81c9-b7bacf6ce44b
LR048PQ9,f132e1f7-5b7c-40a8-97c3-606bf6f99517
LR062F5A,f1cc3637-474a-4878-bb85-31edb37883fc
NXSHEAA00241305ADA7600,f21edb68-1e38-4047-8769-118beb741543
LR03Y7LY,f322f195-e6a4-4ecf-ac3e-00fdf26119e3
NXSHEAA00241305BF27600,f3387df6-c9e2-4e70-b90e-22705aea7989
LR03Y7M9,f392edfa-88c2-43bd-a565-df2c94ac05a3
LR03Z157,f3ae5735-6edc-4d9b-bd76-fc64884ea7ae
NXSHEAA00241305C077600,f45d6c64-5da7-41b9-bc05-eb60ab5a1f90
LR062EBP,f4604a71-37cb-4af0-a3dd-b28031333fc1
NXSHEAA00241305B477600,f4bf6fe7-bbce-4bce-a460-098f24837bb4
NXSHEAA00241305B357600,f5bde664-dd11-4f69-86ea-3ad30935b653
NXSHEAA00241002DE67600,f5f8855d-7ab2-49e2-bfd6-ab73e95966ae
LR048QK8,f6328747-b19f-486a-b23b-704252f0abcc
LR03Z1HE,f6b97244-9573-4573-974b-08b4202c912f
LR048PR4,f7331187-1bbc-4aa4-b433-b6d30dd6a962
NXSHEAA00241305AA37600,f7d98377-0391-41d3-9333-e88e6a7fde04
LR048QHC,f83fa7d9-ae62-4ed7-aa7f-679424591a77
LR03Z1JL,f8748a66-1f9a-4a5f-8a01-167ba2f8ee60
NXSHEAA00241305C497600,f90f1371-9d31-41da-bd31-b5d3bfd44995
LR05C94E,fa012076-962e-4640-b62d-c6141e8983e8
LR03Y6WY,fa37066b-2953-4c0e-a5a4-137a568dacfd
LR03Z15T,fab4f455-c3a6-4586-beef-c67793079eb9
LR048PRQ,fb3f529a-b1b2-44c8-9b3c-862d6f97b097
NXSHEAA00241305C2F7600,fc88cc4a-0087-441b-a41a-fc91bad15d29
LR062TWG,fcb88945-463a-4344-b076-dbc65c6cdc13
NXSHEAA00241305C157600,fd0b2aaf-5b05-4bee-b37b-8410d571c020
LR03Y75U,fd826fbc-dd58-49c0-b409-6c49bc4b3437
LR03Y74V,fdcfe76d-1cf6-4f75-aec2-2aa6eac86d33
LR03Y6ZW,fe62d611-232b-4073-99de-c12af2cfd745
LR048PR7,ff1c322d-8688-4b61-8b18-df7e7189d2df
LR03Y9XM,ff2ea9d6-8c7a-4aa3-afee-5266b10c813c
LR0634V1,ff69f589-e2c4-4e1f-ac4b-c73daccd83e4
LR048PSC,ffb529c6-b9b4-4909-b595-c71b3b63109f
NXSHEAA0023510CE2E7600,001e0c9f-c178-478a-8d8c-a9a9379a143f
LR03Z1BK,0054ca83-f773-4673-aea3-3d794fd89e22
LR03XY21,00613e9c-8673-43e4-b9bd-f8367ecde6ed
LR03Y7DE,006c101c-1e99-41c7-b066-e89e7036c4d7
LR03Y6VT,00b5d041-bc59-4aff-b38c-68453081098b
LR05XQXH,00c727b3-7263-41de-9786-898dacccb852
LR03Z192,02159456-1eef-4a64-a07a-6988b770a526
LR03Z183,022d7496-416a-4372-b36c-8f689b30b583
LR03Y7RR,0258e4f0-96c3-43ca-8161-3085631940c7
LR048QC6,025cb1de-a438-4dfd-b2aa-33101bfd04c1
LR048PT4,026b8f5a-eb55-43b6-86f4-3bd5769f6ef4
NXSHEAA0023510CF367600,02886258-cd79-447a-a08a-0e47d1deb896
LR05C94J,029d3c9c-2272-43fe-8740-5c54850eea47
LR048PST,03115384-6732-4c0f-b1a7-9783b6f206de
LR062EGP,03840507-a3aa-404e-ab5c-77fa907fb94f
LR048PS8,03daa3c0-2f12-4037-8ca1-d43fe0877fa1
LR048PQH,048f6b72-8abb-4695-a225-2b1f8207876a
LR03Y764,04d71256-4a59-4f51-8d7f-77e9606149d6
NXSHEAA0023510CDDF7600,0559e520-3f31-49b2-9868-f3a99200d863
NXSHEAA00241305C4D7600,059061bb-6ade-4eff-bbc0-c0c8be944e2b
LR03Y75E,05fad09e-1c5d-4f88-ac12-3b43742bf86c
LR04522B,06538389-2e6a-4b68-a05e-7638d7ccce5f
LR05XRBK,06ac4431-e0f0-4813-b196-9684c086b185
LR03Y6YQ,06bffc78-610f-41f4-93df-816e5ea4c979
LR03Y7H3,06d6d506-0cc7-40fe-b21a-53b78d5437b8
LR03Y742,0728c495-163e-408b-aa24-6fd2b87ff6a1
NXSHEAA00241305C287600,07535632-8bcc-42d7-892d-177b49ae62b1
LR048PQM,07a781c6-940c-4407-b3f0-11118dd79575
LR03Z166,085aab1b-8c4a-4d36-a1be-d0cac0cda080
LR03Z16B,091aa4b3-18f0-42a4-b931-9ad9409f808d
NXSHEAA00241305C457600,09756e1c-826d-4dc3-8301-b9e7b03548c6
NUSH7AA01733502AC63400,0a1e654a-77eb-48a9-8644-1751ee708103
LR03Z15M,0a532cb9-523f-4014-966f-f7be774afc5f
LR0634HT,0a6fdd92-9b0d-4f15-9024-9eb6a53c5bc0
NUSH7AA01733502F8D3400,0a8fa4f1-5e2c-47ac-b068-c7855df2a223
NXSHEAA00241305A6A7600,0c786ae4-ae72-4fd6-be6f-29f78a5d4b5d
LR062TYR,0ce8183f-bcce-40c2-8eba-d93c77689abe
LR03Y7BK,0cf0f150-505b-4cd7-bf50-9820462627b4
LR03Z1J7,0d632893-db44-49a1-9140-32f5d048b866
LR062EXL,0de70ee9-39d7-4dc2-a2c0-3f34643dc739
NUSH7AA01733502CB93400,0e1276bd-14ab-4517-979b-92446e327c37
LR0454VT,0e407f35-953a-4ee9-ad41-c9b295450d5f
LR0634HK,0e409be1-eaa2-4934-80f3-c0c657f23c8d
NUSH7AA017335026B33400,0e5072d3-ed02-47ca-9407-8627331aacef
LR048Q8M,0e5cbc6a-abfc-4bb5-96cd-ffc7d50cb119
LR05XR6E,0e75e6d5-a3b4-4805-ab1e-fbccdb16d850
LR048QHX,0ec7b3d0-2da5-4e26-b9a3-d70cebd7cead
NXSHEAA0023510CDD47600,0f1aca81-caad-4ac0-a859-f7c0f0ee8041
LR05XQWQ,0fd29350-0b11-4a4f-b89e-b5149ca75b06
LR062F4W,1029fb13-fced-40ea-b44c-8b2af797a917
LR03Y7P4,1041af93-1a05-4375-996f-41322718e2af
LR03Y76K,1173cc50-f18e-40df-bef9-982d44554bc1
LR0634GU,117dfd94-3b04-4ec4-bd23-95d2ce24e7aa
NXSHEAA00241305B167600,119ddcd6-9989-4e9c-8b2c-92f582739264
NXSHEAA00241305A7F7600,11a963ae-f547-4ba3-b70c-a0aad9ad52f2
NXSHEAA00241305AFD7600,123b9d20-8107-4f24-898c-eb7489ddfa9e
LR048Q98,1249d2c3-f361-404d-a89b-6e6977997b77
LR048Q7Q,1288c1b4-7ea6-446b-9b8b-c13ca584106a
NXSHEAA0023510CE1F7600,12e062d5-cad0-4231-b1f1-6f0abc90011a
LR048QK5,137d1a14-ec38-4207-ad73-5c4731e0e1b9
LR03Z1AR,13c565fc-0566-44c7-9ebf-925cc684317e
LR03Y77F,13c7219b-d0ab-401c-aeee-916e93d7c1e0
LR03Y7SZ,149d5fd9-0ec1-4849-a571-c8b4f78dd288
LR03Z1B8,14c4c234-f6c4-489e-ae02-bf9b0e54e1e5
LR048QJN,152b7740-75c1-43c0-add5-886446881898
LR062TYP,155c6cbe-7570-4c27-93aa-b571c15b0330
LR05C90Q,15dc9c89-11f4-4c44-a9a3-30c296d3990c
LR03Z17Y,1693bff9-6ab6-4609-a6d3-c72d43c44454
NXSHEAA002413061AB7600,16fe306e-48f4-4248-859c-3b07f4fd4941
LR03XUBD,17520796-de68-4653-9f26-6c121284a430
LR048QJZ,177f480d-40d1-450d-8da0-d7f6ba8e4256
LR03Y73T,18607e27-3b54-4080-9ee6-ba262eef78b8
LR03Y7D0,1898855a-9f9e-4532-b4b5-9c57e60534c6
LR05XQU6,191fd564-9b66-4fbd-a1da-d1e8d2a58235
LR03Y7C0,1948ba5e-591a-41db-bde6-3712372f828e
NXSHEAA00241305C227600,1985aa73-cad1-44d7-84f5-97f427d1f30c
LR062EJB,19e1017e-b0e9-484c-ac08-e48046b137fb
LR062TWY,1a461ff3-81f1-4026-b57a-00869e87f535
NXSHEAA0023510CE057600,1a4dad4e-ba1b-4f13-a30b-58e87278fc58
LR048Q06,1a4ee799-ad2e-408b-8024-6518d53b07bc
LR03Y761,1aa33517-6e18-474f-a1df-6ca7ad4983d1
LR048PXZ,1b0d318b-953d-4e3f-817b-7268a43906d5
NXSHEAA00241305C487600,1be5f140-22ce-4ec0-8a36-d0daf2217ce7
NXSHEAA002410025397600,1c730f9e-f9fd-4de3-98e8-b2b7bd07ac29
LR03Z19V,1c9a6711-26d5-43cc-ba92-a1a1eecf39d2
LR03Z1J5,1cb1a0f0-f567-4083-9fbb-4f031aa3c074
LR03Y7QB,1cfa9576-1b61-4ed8-ae19-330c7211d23c
LR03XXWA,1d093f1f-1f62-473f-bf70-ddeee6b93b53
LR062TUL,1d4e5de5-4831-48c6-9422-f08d56e95fad
NXSHEAA0023510CEF97600,1daf1321-8956-4062-beda-1dad3a5a251f
NXSHEAA00241002E0C7600,1e45e2d1-1dd4-44c8-aa6d-2ba115e61bac
LR05C8ZN,1ebdd61e-998e-4065-aad2-a1020e184b4b
NXSHEAA0023510CDC37600,1f1378a0-4f30-497e-b826-f05485ed70a8
LR03Z1JK,1f3f6a1e-ca6f-4c0d-bf32-3fc984770871
NXSHEAA00241305B8D7600,1fc91a70-65f8-4637-9de7-8d30badb2b4e
NXSHEAA00241305A717600,2021f7fa-be95-41d3-a4ca-53afdbeab33e
LR05BYC1,204b090e-a4cf-46e8-b276-b0d1da79e126
LR03YA1D,21231add-e673-42ee-9152-4083809a9aa3
LR048PR2,21ce585c-9a17-4cb8-956a-6dc160781700
NXSHEAA00241305C4F7600,21e2c996-756a-4479-ac16-36590981fbaf
LR05C959,22fc1b73-9506-44c2-a40a-725eab4a3d52
LR03Z191,22fc3d41-c734-4fbe-b5ba-8694ca2681a4
NXSHEAA00241305A4E7600,23866666-ada7-4533-bf3f-a206be668d7b
LR03Z1LR,248a55fc-8b90-4ca5-b0d8-4b43ce912c86
LR03Y7TD,248c0598-a5fd-418e-ac11-e34102d32d04
LR05XQZ7,255a4df8-7e72-4579-8196-9af79a24b391
NXSHEAA00241002E1D7600,258a2eeb-d8f8-4a8d-a6fb-3a8773b7d135
LR048QK4,25a6c6d3-0b01-499b-945a-d38089aeb335
NXSHEAA00241305B2B7600,25ad39ae-a843-411e-9df0-2843eb0e0592
NXSHEAA00241305BAF7600,25e4251d-f1e6-486d-9bbf-7297f5944d01
LR03Z15C,2615b4fe-e11e-4001-8966-151ac7f12b67
LR03Z1AL,26766289-6e46-424e-885a-5319c99a8bb4
LR05C94A,26e4da13-8651-4db9-a84f-7fa5421e0b32
LR048PQY,27ea3bb5-8a9d-4f83-8572-7eeac5d83eaf
LR048Q91,290fd3e9-3926-4101-a832-b636b70969a2
LR048QHY,297b97b2-9411-4b93-a321-7ee60d25b079
NXSHEAA0023510CC967600,29cf9326-3e28-435a-9fe2-27ef6ef3e368
LR062TZ6,29f9582b-c9ba-48ad-ad15-f047662e7f98
LR03Y7T2,2a14052e-645b-4625-92eb-70661642df69
NXSHEAA00241305B037600,2a9fea4d-6524-4ec1-bd92-ab45bcb5e80f
LR03Y749,2ad89a00-a085-4229-9c04-07908c417067
NXSHEAA00241305BF87600,2b056f1b-c17d-4cc5-9776-ea4d401e42ec
NXSHEAA00241002DB37600,2b2ed992-3d19-4d99-a960-06267f726d5d
LR03XXZC,2b88b625-597e-464e-b49c-460cff424117
NXSHEAA00241305C067600,2bbd9b11-9482-4116-9383-64db1934de9f
LR03Z1HV,2c070d33-bcb3-42c4-8e0f-ca853a1e79e7
LR048QJ2,2c0ca491-b2aa-4c6e-a5bb-e8bbd80eed64
LR048QKG,2c15a539-235a-446a-b747-627099d2a410
LR03Y76Y,2d2139ed-d528-44ce-b241-eb9a947836c3
NXSHEAA0023510CE987600,2d5e8ca3-914d-4b29-836a-6372f0d7433c
LR062EK7,2d8f6363-be11-4326-b7e0-1a7b9dc49f32
LR03Z18Q,2dc3deb7-a451-41b2-8550-56e7dcfc41ae
NXSHEAA00241305B4C7600,2dc451a6-3ae2-48da-b39e-d31eb75af1b0
LR03Z15H,2e3bb623-6a08-44cb-b012-26b5260214e5
LR03Y7B8,2edf8f49-3ed8-4a1a-a16e-7d774116f063
LR04522L,2f624c66-792e-4dca-a710-59b4efff7153
LR03Y7S6,309a20ac-8cfe-4913-b099-0ab17afb258b
NXSHEAA00241305C247600,31987f36-ede8-4f2b-bb13-76f1cdd7a488
LR05C93W,32436b5e-8751-480a-8dcc-7d84db1b9600
LR062EHK,32556f01-8792-441f-90be-cddb032ec691
LR062U0K,3262fa47-c8fc-447f-96e9-52c47a3ec731
LR03Z1DU,3343344c-1fba-4408-acbb-9af005c3608d
LR048PR3,33875adf-17bd-4776-8031-42227b60fa1f
LR03XUBE,340654e9-6f01-4057-9476-60be2b64728a
NXSHEAA00241305C367600,354f0775-60ac-4e6a-ae89-ccb7af610889
LR048QJV,35bd7dd2-79a7-4f9d-8cdb-742d6b2ee7d3
LR03Z1KV,36668d0f-19c7-4e76-a0ae-a1641d42760d
LR048PSQ,36756ebf-dd69-4cd8-87a0-ab94c39bf65f
LR03XWTZ,3686f423-8c07-4fc0-b083-bd6f865b43ae
LR045232,36d96722-bceb-4e65-bb5e-e2e35a88a9fb
LR03Z187,36e90e24-bf07-4537-8786-d00a865125be
LR062F4Q,3703724c-5d57-491a-9d4a-09a9ac820bfb
NXSHEAA0023510CE0A7600,37541675-0add-4887-b618-6911bc81f87b
LR03Z17P,380eaa0f-ed36-40b9-b7c2-a268384c665e
LR03Z18W,3881238b-0700-410c-8254-6d7207d41dc7
NXSHEAA00241305B667600,388461d4-7ac5-4ef0-8e46-f01944418e8c
NXSHEAA00241305B1F7600,38a8d712-0455-4450-b8bf-55191829d6be
NXSHEAA00241305B297600,3912084b-bd69-4ba1-bebc-4ae6ebd26959
LR03Y7T9,39fccaed-cac7-46f0-ac03-69de546f93d1
NXSHEAA00241305C327600,3a2c748f-7a74-4739-9659-de6afc5b5cc5
LR048QK2,3a39f565-6e68-4def-9b73-a39371190087
LR03Z1GG,3a8f1034-65ed-4989-b2c5-ae9e9fdbf53b
LR03Z1KN,3a95c0d5-a477-4f17-95eb-ddcc202b466c
NXSHEAA00241305B127600,3b67cc1f-dfcb-4a7e-8646-364eaaa68b40
LR048QK1,3bb41455-1283-449e-b22b-09d97643bc1d
LR05C95T,3c1a25ac-d42d-4573-ab12-0b81fae4fc25
LR048PQC,3d646a52-5034-4c88-b58b-2df57b66e9fc
NXSHEAA0024130593C7600,3d6f5b29-2133-46e2-9dbb-dcac281a2718
NXSHEAA00241305B407600,3d878576-9d08-49e8-b83a-8022d21339fa
NXSHEAA00241006B017600,3eb0639a-8149-4437-8548-b72caa4d1c1b
LR03Z1DC,3ef70245-d865-46d9-9a77-80bf58cd38fb
LR03Z1LG,3f204ba8-334c-4e20-99be-883ceac6e82f
LR03Y6X1,3fe371b9-5da3-4621-8b40-dc9cb4135247
LR048QEW,3ff5e2c9-d88a-4e50-a90f-e4698c0837ef
NXSHEAA002413061A47600,42019255-4e12-4f69-99e3-3cc939b93f89
LR062EHS,4214344d-f30b-4ad4-81e3-e5c820bd4437
LR0634VE,42144937-f6e2-457d-9620-a5c42c29aa87
LR062TXB,42637aa1-d90e-4334-a737-a25cbc230396
LR03Y73R,431d8b81-32cc-40e6-9f36-22bcae8cf9c5
LR062TUY,4354771e-5678-4896-bdee-1941c09eb547
LR048PV0,43ba620f-733f-4209-96bb-fbcabff174a0
LR05XR6X,43c7c02d-d416-4a57-b7e9-db304c9f7f26
LR03Z1JB,43e1dbbc-5412-478b-a966-641c2e74673b
LR0634UR,44625fb0-4902-4bda-8998-2526b57bdd2d
LR05C95A,44ac17f2-497d-4c83-87bf-09e946856207
NXSHEAA002413061A27600,44b080a8-3357-47e9-8959-cda5cae9dd17
LR048PQX,456e57c8-11c4-413a-9fe4-86edd93542a7
LR03XXW8,4571feb5-916e-4dcf-8d10-37d8194dfa49
LR03XXZV,45bfce16-b720-459e-93a2-d42be116bdad
NXSHEAA00241002DF57600,463e9e12-fac6-43c1-bb41-db6d94e90a32
LR03Y75J,4697ab57-9d1e-48e2-93b0-21a54c64c500
NXSHEAA00241305ABC7600,46ab6efe-73b0-42d1-a6ab-2adc2ff9ab63
LR064PSM,479e2e75-1b1a-4bc4-bed9-3a8b4ea4a841
NUSH7AA017335026AC3400,47f98c91-f690-46a9-b299-7400d18eda01
LR062EDU,48cf8a13-30f3-4599-8bf3-d0e51f05d3e9
LR03Y7MF,48e3b45f-dc97-4789-9a0b-c37d08b18c42
LR03Z17R,4a839213-836b-4faf-8a78-9c854d9639cc
LR03YA1N,4ab49e8a-c66f-404d-a744-84c46515b2c5
NXSHEAA0023510CE117600,4b1cd758-fc32-41c7-82fb-0795da405fd1
LR03Z1K7,4bad7382-5cbf-438e-9c4d-d7c804baf280
LR048PPV,4bf7250e-39c6-43ec-89d4-e6a3eb665c6d
LR048Q27,4c5475b9-a9e8-4b40-990a-fe0cc37d1ea9
LR048QJG,4c8179f4-756b-4f3f-8016-3aed43ca6a9d
LR03Y768,4ddbf027-1108-4c8a-82ff-baa1a094356b
LR03Z1B1,4e2c4b7d-ddaa-46b9-8872-76694ee5bc43
NXSHEAA00241305C577600,4e5cb2a5-4eae-4348-b102-798e2eb85623
LR03Z153,4f77e136-4479-48bb-9a26-abcbf7b7ef55
LR03Y758,4fa7fc86-6141-4dd4-843a-07bc3a765545
LR03Z1AJ,4fb2e126-e9a6-4751-a373-b7700efcb072
NXSHEAA002410025097600,5007fd91-23a2-4024-9cd9-2a85f59196ec
LR03Y75Q,509166df-ec31-4412-9445-088ab33080cc
LR048PXK,509379a6-002c-4981-b134-b3372f75da70
NXSHEAA00241305B327600,50b3ce14-0f18-4281-af9e-53c22e221961
LR062U11,51109a16-8fa3-4c76-9e12-3872a61e1571
NXSHEAA0023510CE587600,5158effb-a539-431c-82f5-1bc75dc49fb2
LR03Z1JY,516b1b4b-35a3-40ae-a0ed-50cfcf8c6728
LR03Z1A9,518943ad-ef01-4897-a14d-2853c763239a
LR048PSB,51bbee64-e45d-49ee-b5c8-e0a967091b58
LR04526Z,51c23472-a7e0-4c75-b37a-f4c4e8b3042a
NXSHEAA0023510CE027600,51c3031f-280b-43bf-b9e3-f1ec3111c9bb
LR049893,52f6eced-cd06-48ad-a78c-c4b703338179
LR062EJX,534ff3e9-79f6-4e9f-a132-ed45c463f992
LR03Y8P0,53a89877-4c4f-4d6b-8aa9-b08162af93c7
LR03Y74Z,5437a0d1-a431-4532-9fe2-bdfb194241e7
LR03Z1FN,545c4323-5d34-4999-9b19-51c2ae0ef93a
LR03Y7RW,5470c407-b930-4d0a-90f5-c46655f16509
LR062TZR,55540f65-0d54-4100-a408-1e453367382f
LR03Z162,55ace623-06c2-4e2b-bb60-d7595001b914
LR03Y73A,55b4a034-8b57-4cfc-96f7-8abe0c42e543
NUSH7AA01733502CCE3400,5724f562-9d3d-4b4a-a797-41976818809c
LR03Y74N,5868927b-e704-4869-b751-e17ad963f0f7
NXSHEAA00241305C0E7600,58bd39a3-48cd-4db8-ab71-121df0fe07ea
LR062VFZ,59f89282-2886-416c-a2c3-d76abf8c89c1
NXSHEAA0023510CF457600,5a110ca5-413c-4e1f-b101-2469ee71d959
LR03Y9XY,5a9afee1-935d-4838-bd73-a1833a802d0d
NXSHEAA002413061A77600,5ae09858-36f6-47dc-9a98-aefc7d447054
LR048Q8D,5b956f5c-99b4-4130-aa80-88180d19416a
NXSHEAA00241305C637600,5bbb800d-55b8-4a66-bdbd-fca215613520
LR03Y7KK,5bfb246b-3d26-4c60-acea-8aca0e75d8da
LR048PTE,5d106a17-928c-43eb-bfa4-37fc4a8d8d30
LR062EHG,5e246fc9-fa0f-4697-b05b-dc459665bad3
LR03Y7CB,5e84a653-bb3b-4534-a593-fd2ce9900f00
LR03Z1AP,5e9b6c57-a5b6-488c-afb5-68eef2bcd0eb
LR048PQ3,5faa00fa-5598-4796-bb53-9ca78365a773
NXSHEAA00241305C3F7600,6017bd94-f44d-4260-b1d0-ec490cade1a0
LR03Y75A,60d175a1-0d93-4326-85d5-53597134a9fe
LR03Y7SD,619b76b3-7ab0-475a-968b-226b128d2c8b
LR048QKV,619deb4c-fba1-4de0-b500-eedace864d02
LR048PQJ,61c8f287-3f80-458e-acde-2ee501aca1bb
LR048PR1,627c9b6e-b7cd-42a9-8bd1-f21519c05767
LR048Q9E,62806443-adc3-4dbf-ae16-340272c82779
LR03Z1KH,6334daaf-1e88-4d13-aaee-4200f0f22bff
NXSHEAA00241305B457600,6374b1dd-534c-41f8-a56f-24e3e49d380e
LR062E9Q,63afb30b-52b9-4c9f-9ccd-905f477811ae
LR048QKJ,6479b730-d67b-43b7-845f-9626a0f9b7fa
LR03Y74B,64855adf-8aa0-4ae6-a6f8-b348bc6cd83d
LR03Z1HU,64be3ff5-917a-4562-8c09-d62ff66ba60e
LR03Y7PS,64d20f4a-5a6d-4b0c-9890-6fa7e844149a
NXSHEAA00241305BDF7600,654e2fb4-1544-48f5-905e-670f06b0bc23
LR048NM0,657a078e-1e7d-4d42-8289-d736bc7fcb91
NXSHEAA00241305C507600,65e67231-a466-4c05-9770-d5086600a1d7
LR04988Q,65ef8652-a78d-4616-bdab-fdcc296c0f14
LR05XQXX,666dede4-a117-4981-8567-13333dc4445d
NUSH7AA01733502A763400,668b8dbe-571a-450a-9c6a-e06e1e81fc41
LR05C8X9,6697718b-01c6-4c49-95fb-d0066648d2d8
LR048QKS,66cd8630-01d0-44d7-ad27-b76e40f792b2
LR03Y7K5,67189040-3c13-4f08-be52-d68aad8e463b
LR048PS5,67cb3134-1005-469f-aace-65f08cb16b0e
LR03Y73F,683ad9d0-b16b-4cee-920e-ac79a391e534
LR03Y70M,68b93da3-84be-4916-b0b4-d905c01cc8a9
LR05XQY2,690497ac-c521-4f0e-89c8-31d780f58cea
LR048QKH,69571dfe-9ca6-4f22-817a-b0c024dfa852
LR048PXH,69b04bc3-f805-47eb-85be-7af0f22644d0
NXSHEAA00241305A447600,69be2ffa-ea95-433a-8db7-99a78f3a79af
LR048PQ7,6a230385-0593-4819-be37-b3499fd5dce3
LR062TY1,6a44011f-2ae9-4fe4-ad09-3e4a5382d927
LR048PTU,6a47d9d1-939f-452b-9d0d-be61e0d4b58f
LR03Y7HA,6b4a2184-7628-4832-8f29-19f22d8540ad
LR03Z29R,6c11f4d1-57f1-44ae-acd7-0b28caee1c24
LR048QK0,6c52a853-48e7-4457-8592-25db93139b81
LR05C92D,6c55d59b-40cf-4b95-b22a-d94ab5232359
LR048PRV,6c7122ec-67b5-48ba-bb86-f9e8bc979ddc
NXSHEAA00241305C1C7600,6e898d8e-fef9-4799-81b6-41fcd069b48a
LR03Z19D,6ea4e419-f63e-4cf3-83b9-0955e04071ac
LR062TZM,6f0c7035-08b1-4312-86c7-7852ecb581d5
LR04989Z,6fc2faa2-8f0e-406c-8db2-d219bca19e95
LR062TZL,6fc4ca81-7b87-4be1-bf97-59fd1f208162
NXSHEAA002413059A27600,70d57910-6a7f-4f04-ad52-b096c2c606c6
NXSHEAA002413061B07600,70e89fc4-e5c7-4724-9bb5-584fe590435c
NXSHEAA0023510CE097600,71002b58-203b-452e-95d9-272569115530
LR03Y7RV,7128ab12-8478-4db3-a0c6-04e0419d5a54
LR062EB0,718a3a72-bb8b-4948-8573-1b8fd54bf679
LR03Z184,72536b8b-af4d-4feb-9ad6-0d03f74a2a82
LR03Z1KC,7265ab26-4d2a-48c3-bd95-d4c3cf0b2a9e
LR05C91D,72a6b434-cc6d-45a0-8355-b548ac57c72d
LR048PRN,72f4e86d-3b16-4f94-ab73-a9ffb83dc322
NXSHEAA00241305C0F7600,736556c1-67f7-4cf9-b3bb-be5c31890281
LR03Y7F8,745ac187-5005-4856-9778-860ecea01ecd
LR03Z1AQ,7467faf2-7f6b-4787-bd76-b5b33248d0ed
LR05XQXK,747dad6c-0ea7-4518-aa9b-4c32032b70d4
LR03Y746,74f63329-6012-42fb-bc0e-164faeb6e5f0
LR048PT6,7515f707-1bc7-4b2e-86d4-2ed203299f00
LR048QJC,7525002b-4696-43bb-98d1-c25c3a7dadfe
LR062F52,756a0ec6-24b8-4ddb-95d7-0225cff42b77
NXSHEAA00241305B0C7600,759bd269-45d1-4530-874e-853a85a05e26
LR03Y7ML,75cff92e-8ece-43a3-9d1c-0eac0df2d462
LR03Z17E,766a2805-7f40-4652-b6b1-10b30a59dbb0
LR062U1J,76703331-6441-472e-80b8-c14937b8180e
NXSHEAA00241305B4B7600,7705b1f1-6797-4022-85de-7e0ca00dc56c
NXSHEAA00241305C087600,771d71d1-14ee-4e0e-9439-3949a8d8d8c6
LR03Z1A6,7720965e-7960-46b0-99d6-3e065b0417cb
LR03Y6VZ,77282868-cd50-4593-8ebf-24ffc8f66856
LR048PUY,773c39e9-7a46-48f4-ad63-974e53fee873
LR03Z19T,77475977-63de-4f48-9d70-e3d28698f3ea
LR03Y7PW,7764335b-ce32-44ad-bb85-79047790049f
LR064PRS,77b7ac7b-691f-457b-b028-ea1ed2bc03ed
LR048PR9,77f244b8-437e-410c-b974-bb3276a114af
NXSHEAA0023510CDD87600,78ac24ba-b524-4577-b1f4-771c52382e87
LR03YA1W,7905fefe-8b82-47e0-9224-4d2899dbaea8
LR03Y77K,7949d3ca-b065-4153-b908-91b6fc30a64a
LR03Y707,79cc0983-7b7d-4457-962b-2bb163e791d1
NXSHEAA00241305BA77600,7a192a90-035c-40cb-ae4b-162f55d2d2d8
LR03Y7S7,7a36d965-a660-4271-a00c-bfe240dd18fe
NXSHEAA00241305B3D7600,7a48652f-bf17-479d-a9a5-8dd897a64f92
LR03YA0T,7a6fb034-c6c5-43c8-bf05-f6e81d4e34e8
LR03Y7RK,7b8088db-3088-4cd9-a054-5f82501d1e75
LR062U1Y,7bc337dd-260e-4887-9eed-3a71573fa58e
LR062F41,7bd3ed85-f95f-4d26-a64f-f6cfc355f91c
LR04525P,7bf8137b-3406-4c8a-b05e-a3b1ba57c239
LR03Z18E,7c3d22e9-6051-439c-8d54-c28dd2dc7931
NXSHEAA00241305BF97600,7c4f5a30-d4f3-4932-a95c-cdad7484579c
LR03Z1KK,7cc8f3bf-6b71-4140-b1be-ae3899a19297
LR048PTS,7cf20f5a-7c49-4c21-ac5e-3678392d8e7b
LR048PPU,7d96bc73-511d-495f-807e-294f1dc69e75
LR03Y6Y0,7db99a2e-7cbb-4cb3-a277-20aba32bdb27
NXSHEAA002410023AD7600,7e2d5776-b476-4dc2-b23f-28a0bd7d5d63
LR062EJ0,7eb20f75-f43b-4a13-8ec1-cd14b8d77d77
NXSHEAA00241305C177600,7f77acc5-0722-4c39-93dc-da8518581afe
LR03Z198,802fc1a6-65bf-41ab-94cc-fbf7565c7250
LR03Z1HG,8030fb74-ce86-4e83-9cb0-039cd734789d
NXSHEAA00241305AFA7600,806d38d4-65c3-46e2-9e78-551b9bb8adba
NXSHEAA0023510CE1E7600,80a816c5-572e-4348-bb01-9731746d96b4
LR03Z1AW,817651f8-9d7e-4254-bc0c-5ef4eac4f448
NXSHEAA00241305B497600,81dfa543-3ef5-470b-9490-bb507e8581e2
NXSHEAA002413059647600,8207fa0a-2b85-4811-a4af-86aaa27f2171
LR03Y7SS,8224d8a4-473f-4e87-a427-0ca0df6f94ff
LR048PT0,822564ea-46e3-40eb-a544-a8ae24daf641
LR0634DM,826c8f80-36b9-412c-b0f4-074b2b8e9513
LR03Z1LW,82c73378-1d1a-4d1c-a87d-226418a7ade0
LR048PRF,82ff1305-ae61-4533-b860-415ff75c9ad7
LR048PQB,835abce6-d76a-4183-a169-77a5aee653ee
LR03Z177,83c9f974-e70a-41ea-b5bf-1416a5ace312
LR03Z1L3,8442142e-aec7-4e75-aa6b-6407a013d5b0
LR03Z1J8,8442b899-5ef3-4d2e-8d43-3278e14a6b01
NXSHEAA0023510CE137600,8477f50c-2941-4e3d-be2e-909fc47b5bde
LR062U0Y,84dda396-1cd2-4ff8-b99c-be5a7f0e49b1
LR03Z18N,84f8713f-c6de-471d-b284-95ce9d237dd0
LR048PWZ,8578e1d6-2bdf-454e-8afe-35acd799ad70
LR03Z1BV,858887aa-a164-4f07-be04-a7a5b4326042
LR03Y72W,859d8d08-601b-4265-b3ab-3f37361e306b
NXSHEAA0023510CE3A7600,85d3deaa-bc7e-4354-a09f-588f647b178a
LR03Z156,863c7efa-4bc5-41f2-a34b-273fb1c870fd
LR03Y7KU,8646a4ca-3f34-420d-97ca-e02649c5e2ed
LR048PQA,864d5ee2-ce8e-4853-ab3e-51b11b3482b2
LR062U06,87e7f9dd-25aa-403b-b492-018ac7640776
LR03Z1LS,87f0b822-ba8f-4d56-841a-4d6741de71f7
LR03Y760,88a85b3e-0b7f-4bee-bc68-e72e3b515fa4
LR03Y73S,891baddb-16bb-46be-b0c9-dacfcd89693b
LR03Y9X0,8991caa0-4ba8-4687-a991-a8c34d56e1e8
LR048PUF,8a07ae9f-5bed-4e76-85ed-8bc35f675f3e
LR03Y76E,8a444041-f9df-4b6f-806b-52f6defd1023
LR03Y713,8a86836e-3501-4b09-9b9d-5bab267087b5
LR05XQVX,8ae01050-62c7-46e3-bb64-a2504c9e69d6
LR048PZA,8ba01694-48d5-4de2-a47b-e5a9ba2c5feb
LR03Z15N,8bba7e3f-a6cb-4d8e-82ee-609652d20c12
NXSHEAA00241305C1D7600,8bdaafbf-fd6e-4548-9349-9a0054608d58
NXSHEAA00241305C607600,8c354814-318e-48af-8d97-d50a93ee0bf4
LR03Z18V,8c69da15-32c8-44d6-8951-15fedcd25bd9
NXSHEAA0023510CE3D7600,8cf9cb26-f988-4c12-a0ea-0fec177d7bfb
LR048PRK,8e0e703d-02a1-4985-9dfb-6074973071af
LR03Y6W7,8ecf87dd-f539-4c51-8040-99511b488b7d
LR04989E,8ef8d1aa-fa19-47c3-99b1-715832ab35c6
LR05XQVT,8f121d42-2a20-4a8d-b65f-f39f33c3ff4e
LR03Y7G0,8f87aee6-de4a-4fce-aa8e-5e2108593b4b
LR03Z15W,90269da0-7320-42f3-a123-fa713ad98e16
NXSHEAA00241305C557600,903f89c9-d431-43c9-9479-ad3561037876
LR048PSJ,9064e3b0-b233-4c83-a98c-ecc3aee5f079
LR03Z16U,908ea37c-7304-46d4-aac5-5da87fb6ee0f
LR03Y7TC,90d90ce7-3325-4385-a6e4-5f8a8582fd78
LR03Y77E,91d51ad0-13eb-4cb6-893f-f143d8309e6f
LR03Y7QK,91f99c79-d962-4c55-8f0f-90218d922596
LR04EX7G,9212b8f2-35fd-4e13-9e63-3c3ac4b630d5
LR05XR7S,9254ff93-7000-4546-a227-d3d25f3fbd2f
LR045238,92847d75-ea88-4e0e-b460-f0e3ef2007b5
NXSHEAA00241305C037600,92a0cdf6-d9b0-4346-bcf7-5e11b28e38ae
LR048NL9,92ce877a-97e1-47a2-94ef-446a2fea03e8
LR03Y7QA,92ddf7a2-cc09-4ed3-b817-33dc0b9f07dd
LR048PS0,9321f53f-ff71-4507-a363-88430e781465
NXSHEAA00241305C127600,9326d594-efc0-451d-8f9c-783f2f3de072
LR05XQWW,93279c95-3622-442f-ad90-a6832d18f478
LR03Z16E,9337aac5-dcc4-4502-933e-46d3356fc124
NXSHEAA002413059DA7600,93d07390-cdfd-44ca-b625-0fd910d49878
LR048PTZ,944aa840-4d89-467a-8845-872710d294c0
LR03Y74E,94923be0-3396-49f1-bd55-554e906ba579
LR048Q2R,957eab01-0927-4d64-a111-16a2f3be6454
LR03Y738,961dd062-6c70-4246-8fcd-54ef6d0e5982
LR03Y74Q,96461637-f3ae-4cb7-b3a0-3afe9bfe4d99
LR05C92W,96952326-5745-428c-8294-a080c0dabb3d
LR03Y7N3,969c7225-d345-476d-8349-7e67097e0ce0
LR03Y7QS,96f11e12-1e24-42e2-a60e-68f8aed1c6b4
LR048PQV,978644e3-3381-41b3-a4e5-67d7b89ac045
LR03Y7DJ,97ce804d-85d9-448f-85d3-35c51baf30ad
NXSHEAA0023510CD6A7600,98f76023-be7d-4b84-a261-74f6a7681f23
LR05C948,99c8a59a-dee8-44d9-a8f6-ff358c25512b
LR048PQL,99e7e05c-e1fb-4b17-9c2f-e4d83e82f2ae
NXSHEAA0023510CF577600,99fb45d8-b053-42fa-9c33-09e89224e216
NXSHEAA00241305B557600,9acaa853-52c2-4004-b301-12f6d1e102b2
NXSHEAA0023510CE1D7600,9b84e57d-e647-4e20-9fda-2aabfcd2b1d2
NXSHEAA00241305BC97600,9bdef5dc-edb5-4a2a-b0da-ac625f3bfb10
LR05XQTY,9cdb0c10-c9de-4501-9fe6-d628720bb99b
LR048PQR,9cf5dde2-e281-426c-87f3-3a01a7daebdf
LR04523P,9cf76cf9-3f61-49a4-a634-215ab4f6ef4f
LR03Y6UP,9d3ade0f-f52a-43fb-ad7a-a2a46221206e
NXSHEAA00241305C257600,9d6339b1-36b1-456e-a6c4-938790cd66a0
LR03Y76U,9d888784-8134-4f06-8907-d9c3469330c9
LR048PPX,9db82214-d694-4d88-b947-fe9de0aac1f8
NXSHEAA0023510CDA67600,9e270fdb-74e8-42e8-9010-11c5bcaf9c08
LR062EBS,9e2e28e2-437a-4fb8-b2e9-0ebbe6927f04
LR03Y6YJ,9e4f2165-0b13-484a-b95a-0caeeb564861
LR05C90V,9e5a8fa5-6100-4e2a-bd3c-6c77ef615683
LR048QJP,9ea56f7a-e866-4e7b-abdc-fe1e6c9c938c
LR048QKM,9f2810fb-cc68-4f26-8f28-9ebfa6c3cb74
LR03Z1KU,9f653ffa-0953-4ae2-b11f-3d1c1f935b95
LR03Y7TV,9fd3f935-b656-49a0-bc03-2ac12dfc4378
NXSHEAA002413059897600,a007df94-7071-4a28-8c82-1ed18fe4a1d3
LR0454TM,a03e6b16-b348-4e85-873b-8046ec443f8b
NXSHEAA0023510CE3C7600,a0c7dabb-d978-4388-8ee4-232f692bdf90
LR0634E4,a1080e8e-cf87-458f-b2e4-97ed4361d539
LR03Z1K3,a11ff988-8b03-4c78-82fd-ca7feba4ee62
LR03Y7D8,a2397517-d259-4d97-a055-6e7d7befaa8c
NXSHEAA00241002E017600,a2528b2a-8ac1-4658-bd61-844015427273
NXSHEAA00241305BFC7600,a2a0ebbc-cf9a-4b62-83f8-88ca94313297
LR062F1Y,a2ac081e-b31e-48a4-bd4f-388d86572d62
LR03Y7K0,a2bb144d-4f50-48f3-8c6a-7d99066c95f7
LR064PPW,a31f679c-0659-449b-869f-f3b85c703b58
LR0634VT,a3240ea4-4441-4468-bb05-67d9ca5e7f1e
LR062U0C,a3ba7a81-f46d-4dcb-9607-d67b24593d25
LR03Z1MA,a470ee00-ab67-49b4-9f5a-b3e98fd452ad
NXSHEAA00241305BED7600,a4a0e963-8439-4e2d-8fa1-9f8814fbab1b
LR04523F,a4cf02e5-0723-4220-8b80-91356ede2163
LR03Z1LU,a5469940-3141-4f08-850b-ea3cee387aba
LR03Z18J,a5ddfdd2-9593-4624-9ee8-cb17601a5b83
LR05XQY7,a6df7630-de1f-4944-9b1d-dc60ca523153
LR03XUBM,a6e7c176-9bfc-4006-a2b0-e4cb4b384f74
NXSHEAA00241002E007600,a83b3956-863a-4965-8fc8-881f691128a5
LR03Y6X3,a8e61d62-4054-450f-9650-1fe4fbd2e671
NXSHEAA00241305B717600,a970da53-0061-49e4-9a7d-372f8575a538
NXSHEAA00241006AE77600,a9775ee2-0e27-416d-94e4-0bb62e311be5
LR048Q8U,aadae387-2bb3-465d-a273-7061488e987b
NXSHEAA00241305AE47600,aae2b5bb-6bc2-414c-8b3d-14fdb830453f
LR048QJJ,aaf61ac4-dcf9-41c1-8fcf-d551b7af4f15
LR062T6V,ab2d5aca-b1c2-41ca-9f4f-70b14b0ce890
LR03Z1LK,ab5251c7-deed-4f6f-ad06-6a9c5b8fd4bf
NXSHEAA0023510CCC17600,ab6eab73-7af6-41af-9b01-db44970be448
LR04526R,abccf483-01d8-4c7f-9f2d-eea90d880582
NXSHEAA00241305B217600,abe18a12-fea0-4f57-9f26-e46b0fcb7f2d
LR05C946,abe77447-efcd-47be-9365-af3f105f1e60
LR03Z1KL,ac6c7587-b890-4ef4-b478-959add904ad7
NXSHEAA0023510CDFB7600,ad5a1025-bc60-45db-9260-7a8f5bcd196a
LR03Y73W,ade3b40f-8654-41a4-90d3-35ab7e44d148
LR0451JJ,ae2d4a71-bbd9-45c2-8035-07606ce1385e
LR05C93Z,ae66c15b-e1b7-4598-8643-42c6c8a687a4
NXSHEAA00241305A6C7600,aea37375-d135-444b-9068-e983cf44f143
LR03Z1MS,aee1e1c7-7399-4a42-934f-842a5002ecf5
LR048PSR,af30cb72-ca73-4df8-b189-3f59f810f964
LR03Z1MQ,af527b95-7db6-4b6c-88e7-819cb18eeea1
NXSHEAA00241305B387600,af7b93cd-0b9f-4b6f-a918-984e567d9543
LR03Y76J,aff15437-75cc-4c62-a99a-2cecd1087378
LR062EHW,b01c4517-c90f-4c23-8348-459749859d89
LR05XQY1,b077a463-16d4-4915-90e0-f94e71bb3abd
LR0634GZ,b131fde0-13b2-46d4-8bc9-3c8223025ade
NXSHEAA00241305B427600,b153be6e-d867-4ec3-9827-d56840bb8b9f
LR03Z19L,b2171cff-a826-4a48-acdd-19b4703f04cc
LR048QKT,b21e7e29-5637-4cf9-8f7c-89d2ac5e7c3c
LR03Z1A2,b279b714-fd8e-4ad2-94f7-f6a7dae2f3b1
LR05C93Y,b2b2ab62-fa74-45b6-8eae-22623611ab7f
NXSHEAA002413061977600,b2dad42b-234e-4f48-b963-a1ab9a222fdb
LR03Z1DB,b33156fd-fd00-43c0-84a5-8e299413c777
LR0634EW,b4327729-d6d7-4b84-8f54-0b5b67e3fdc9
LR03Z19Q,b4e93d9f-2f1f-4249-bae6-a56e4ee06b97
LR048PUX,b5221438-7228-4fe0-8e6e-1c58750283f0
NXSHEAA00241305C0B7600,b5723553-f86b-41b9-b99d-0efdf4c6f7a9
LR03Y75Y,b5f381f3-8119-4583-bb1e-df70b08fbf47
LR062TY2,b69c0f44-868d-4cf6-9bed-5782a597de46
LR04EX53,b6a0c0a6-4055-4c80-a353-d918434adddb
NXSHEAA00241305A6F7600,b727371b-c0c5-4ee7-aa1b-5ba423c5a386
NXSHEAA00241305B397600,b780fe33-3c59-4007-bc4c-305571fb5388
LR04988A,b816e672-e428-4133-b244-73dc8702cc72
LR062U10,b88b7c40-0170-4c08-911b-91d6976d1afb
LR048QHB,b9232a79-93f8-42c1-92b2-938ca64c57f1
NXSHEAA002413061AA7600,b93d9faa-e962-4ede-b971-b6a4dd17c18a
LR048PSX,b979ea66-d7dd-4cab-bea7-ae54a7a66a4d
LR03Z18B,b994b702-f105-45d3-ae0b-8b9c4860733c
NXSHEAA00241305B137600,b9bd193c-71a5-4500-8f2d-4861e7bd1420
NXSHEAA00241002DD47600,b9ef17aa-65d3-46ab-b20f-2b1a02bac93a
LR062TZB,ba1a76ec-5002-414d-9820-a1f46476c30e
LR062EJL,baa1bba1-e81c-40bf-85ef-ada9b88d2ba8
LR03Y74P,baacb5a1-d2b1-415d-9df3-6e420a9b6faa
LR03Z1DW,bb3e5396-d728-435b-8fe7-87392d108c52
LR03Y74C,bb4d10b2-dfd7-44a1-9cb8-f5188c2e6d24
LR048PPW,bb74438d-1b4c-467a-8438-29575c14f7f5
LR03Z19K,bb90e6cd-f3ff-4626-bbdf-ee67fdd8862a
LR03Y7SV,bbd9ad18-2feb-4495-97b6-cabaabc3bb68
LR03Y74M,bc0bb521-79f4-4667-b6ac-a4e36d1602d7
LR062EH9,bc51e2c0-15e7-4555-89a2-8ecb2ad95c43
NXSHEAA0023510CE457600,bc6d64e5-d3dc-4554-825a-8d2c4fab2664
NXSHEAA00241305B367600,bcf433e7-1d78-426f-8101-b3a444a72740
LR062U0E,be414a57-1e41-481a-b97f-fc21996cb097
LR048PSY,be86b65c-d3d5-40cf-8e7e-b55ad48b2dbd
LR03Y7DQ,bf22ee44-7f8a-4bcf-a63d-95752a51b479
LR03Z16K,bf40da76-cd3d-4e21-b607-6762b357729d
NXSHEAA0023510CE1C7600,bfa9332b-91c4-424c-84e0-025b0fe2ee47
NXSHEAA00241305AE27600,bfdc17fa-30af-485f-9dd4-6406ba69871e
LR03Y78P,c024ace7-8d37-4001-95c5-2da5a5d14c1c
LR03Z1LQ,c1a12eec-f1ac-4743-81be-6e35d403dff1
NXSHEAA0023510CE647600,c1c1d731-825a-4a90-bceb-cbd4eefe3d07
LR03Y75W,c20958d6-38a8-429c-bf1a-514737687931
LR03Z17Q,c2832f2f-d1b3-4513-aef8-e7c830fd1343
LR045235,c2ad3e80-ca50-4049-9e0c-2d70835e7c00
LR03Y76R,c2d5f29f-8854-474d-be24-09baa45e0183
NXSHEAA00241305ADF7600,c32ba33f-8b3c-4cdc-bf50-5286cf666902
LR03Z1LM,c3469e3c-e87a-4184-8619-5eaaa2a44fdd
NXSHEAA00241002E1B7600,c3c3c6af-d4e6-456e-8e30-f9f30937b8ca
NXSHEAA00241305A707600,c485cefd-49c2-4824-bc21-c755484136d9
NXSHEAA00241305B527600,c4a4dc0e-28b1-4f52-a714-5c1dd4ffc0e4
LR05C913,c4cf1578-7fcb-4bdf-95b6-ac8de702d5e9
LR03Z1M8,c51292b0-9737-4df7-9a7f-0f454547dab1
NXSHEAA0023510CE397600,c53e3e11-0638-42d3-9cf5-ab953d72b6e1
LR048PRX,c5688848-b4c1-4483-b1d4-a13498cce5fd
NXSHEAA002410025347600,c5af5f93-db6f-4391-9cfa-67d25b8b43d0
LR03Z1HC,c69baa7f-ad67-4391-b3bd-8e90e539cd68
NXSHEAA00241305B267600,c6f628fc-5ba3-4b01-9342-9d8cee991983
LR062TYW,c75dc066-6368-4bbf-9909-e93fb67952bc
LR03Z17H,c77d3f84-d00f-4b36-bc00-f6b20225db9e
NXSHEAA00241305B687600,c7deafb1-58e6-4995-b760-62330a954be2
LR048QJM,c8aefdfa-3e4a-4ac3-bcab-fd99e5dec711
NXSHEAA0023510CE307600,c915c607-8f33-4e14-968e-960c31a4a323
LR048QJ5,c97446a6-d32c-44e8-8797-ab46c0020725
LR05C934,c9db853c-955f-40eb-a534-1bf60c0677cb
LR048PQ0,ca10249a-ccce-404e-869e-e7b9064d7700
LR062EJ9,ca4a4acc-6996-41e0-963c-6eb425d8833f
LR062TXS,caf66cfa-6ff4-41dc-adff-a40b891ecbcb
LR062U04,cbe1951b-e2d3-4f01-8acc-812816bfd85e
NXSHEAA00241305C447600,cbfee1ff-a84e-4ede-9ebf-4ec529fadf78
LR03Z15B,cc4d9c8d-74a6-45b6-a156-7c11fe5984f4
LR03Y721,ccd63197-9998-4156-a4f2-beb67234f1ac
LR048PQZ,cd0a19e9-442a-435d-b514-c97027d622cf
LR03Z17U,cdeb0d51-9a6c-4080-8105-9e4572fc7f1c
LR05C94Q,ce53612f-506f-43be-9544-c7bc9fba6d0f
LR048QHW,ce94c842-1c34-4949-8426-de101631b39d
LR048Q7S,cf634156-2be7-438d-aa25-c5e009a71869
NXSHEAA0023510CDA47600,cff9eae6-bfda-4c83-807a-c74ed4e440c5
LR062EH2,d07f89d9-4a77-4717-94e0-332c1c976929
LR048PQS,d088a725-6838-4d0f-85c5-fbb82a419df4
LR03Y7TH,d0a17c4f-5bf0-436b-bfe6-93818e3e9ce8
LR03XWXA,d0ff8cc2-8a0c-4a53-8363-31bfe3d8ebda
LR03Z1K8,d13b34b6-fa55-4906-a1f2-242155e3ba7d
LR048Q1R,d295d235-8bc5-4c25-ae12-a483ba37f5bc
LR03Z1AS,d2d6dced-5adb-4500-b523-ae3a0fe262c4
LR03Z18Y,d442a535-00f8-40d9-a4ea-7a90fd071919
LR03Z1LV,d471c122-903e-46a0-bc94-cef7069f64c7
LR062TZT,d4a0c289-1fed-46e4-9be3-569952dc8d76
LR062EFY,d4dbf10e-3ad6-4586-9801-cdad30b91be8
LR062TXX,d4eae8f7-a73b-4fea-9bd7-706943fbebd3
LR03Y75X,d639adef-70ab-49e4-bf85-aecb5ec9b20e
LR03XXZM,d63e422d-d0e2-4aaf-9133-a37ba81024a3
NXSHEAA00241305B147600,d6a1139f-414b-4bb6-94c5-4c92301d02a6
LR03Y74L,d6b5117b-2e95-4068-a833-d3aab9486c58
LR03Y7QH,d81e5d8c-6f40-4ce0-8bfe-3cb295460eaf
LR048QJA,d832a1c0-94d8-4772-ad0a-4e56b2d0cf28
LR03Z1JH,d861d8c5-3fe2-4962-8cd5-5c90a648e94e
LR062U0H,d87e85ad-3516-4c93-aa87-74287d87d824
NXSHEAA0023510CD257600,da894033-e3f6-4ec2-84fd-e28b16983715
LR03Z1MH,daafbd6a-0bc9-4128-9e1e-eab29b96681a
LR048QHP,dac3ae27-a0ce-4235-b776-bd1202881dce
LR03Y7S1,db41592d-f6bd-481d-b3a4-1c43bf5e0659
LR05C90E,db44eab5-d90f-4d74-898c-a55251ea399c
NXSHEAA0023510CE087600,dd39c6c1-9672-4f20-84a6-b2c174efb993
LR048PSK,dd6c652c-a6d3-4779-b89d-91bd222f4ce9
LR048PT5,dda275ba-df8a-4e6b-8a4e-2ac99165e42c
LR048PSS,ddc7a347-9a7e-4666-a45e-1417e3d2d294
LR03Y7PR,ddfaa6b7-7ec5-4b7e-8c5b-0e446009f130
LR03Y751,de3f724e-5485-4ead-abd3-3d6504650e1e
NXSHEAA0023510CD7C7600,de89dded-be1e-4d73-9b38-9e17dc00fc55
LR048PQT,df6c7d65-e99f-4628-8268-e2ea925a0f74
NXSHEAA0023510CE217600,df738b39-05c2-4d87-87ca-56b8c2384d69
LR03Y9XJ,df80dd4f-592f-42c4-a961-8f01dfc79897
LR04525X,dfa72a91-d4b1-42d7-96c3-154757802083
LR03Y773,dfe65e0f-d729-47b6-ac8b-98fc1b1136a5
NXSHEAA00241305A857600,e0666b98-03a0-4ecf-99ac-e089b15f9d06
NXSHEAA0023510CE527600,e0985fca-8499-4ba3-868c-cd68ffb75940
LR048PPZ,e100cdd5-a34e-46e0-8303-f689a8682dee
LR062T5S,e15169ea-a212-4833-bb4d-5533d3aaf379
LR048Q31,e1798e7f-bea4-4919-b5b9-1949100244e6
NXSHEAA00241305B4E7600,e1987a82-bc81-4bf4-86ad-8d2f2629715b
NXSHEAA00241305BC67600,e2199253-8cf7-4d3d-b4e8-e33dc31d03c8
LR03Y73N,e29dbcd9-bba4-4b59-bfef-2577bddfed14
LR03Z1HM,e2b165d2-3c60-43ae-917d-114e4f36a2c7
NXSHEAA00241305B107600,e2ddfa2e-96bb-44c3-b4a4-b83c5cbfef96
LR048PTH,e37c5a93-0245-4309-9d39-de2ce0e1b653
LR062EJM,e3882ace-5f65-4210-b602-8c85d8e14443
LR05XQXC,e3b7e59a-3b03-4cfa-8ec4-bfd67e31cc6a
LR048PPY,e3fc815c-dc3e-4ae8-bdd9-58d9a987a67c
LR048QHA,e447ddc5-7823-4a55-8bf2-7e7c39c8b9a2
LR03Y7TT,e4a0f801-da6e-41b1-81b3-71f030346a2d
NUSH7AA01733502FE73400,e512506b-9bb8-46ff-af9e-d5607e3ef2e8
NXSHEAA002410025277600,e512716a-f655-4bfd-a543-ea0c645c48be
LR048PT9,e5347f29-ad47-4dc5-b791-d14f62e2b25a
LR05C931,e54ce4b5-4661-4d47-a741-945172f1edac
NXSHEAA0024130618F7600,e5e2f959-dfa7-4169-8c78-89428622f30c
LR048PSH,e6028e4b-05ad-4d37-bc5b-ebf0c12d41b6
LR05C93E,e636d022-1e80-4bd5-b8dc-2bed2402a64c
NXSHEAA002352095887600,e65b00cc-0038-4a00-a60b-319457ae616f
LR03Z1CM,e6a7d5e7-7200-4231-985f-4f1266f7756e
LR0634UC,e6b827d4-05fd-4e34-8d8c-031dc2ead485
LR03Z1LC,e7377496-8106-4de0-a754-3b8cf5e42058
LR03Y7SH,e75b53bb-c131-423c-b6ea-c71bd10224f9
LR0634UA,e814b3e4-5938-4398-a1cf-17b1aa7218ce
LR03Z1KB,e86cb3f5-47d7-4116-a96d-716d9a82a7b4
LR03Y7F2,ea5856c0-36ef-4849-bf6e-0751fea1cb9e
LR048PTX,eb183ded-c9d4-403d-9117-284dbeb8abba
NUSH7AA01733502B783400,eb8c1d30-69d4-4b7a-8a24-992eadd055ac
LR048QJD,ec0ab17d-957c-4b50-a868-c0a814c8adc4
LR03Y7Q2,ec17bad0-fee0-4379-9c32-8b9f6ce47c0b
LR03Z1K9,ec89bd5c-ae72-4f80-958a-7bf779fe5e21
NXSHEAA00241305C597600,eda3aeb5-3084-457a-80ba-f2db7a69afad
LR048PV4,eee56407-b02e-4260-8ca5-6c94944c2e72
LR03Y7SL,ef017d47-dcb4-48eb-a71b-623cc6f501c9
LR05BYGD,ef09b6c4-ed55-46d1-a147-7e66769e5fc5
NXSHEAA0023510CE317600,ef256698-6def-4974-bf1b-ff7c46bac9bf
LR03Z1KZ,ef63a1f8-5c7d-4b92-bef6-b471dd2571c0
NXSHEAA00241305AED7600,f00c5b8f-590f-4f52-b4a4-52bd7060b628
NXSHEAA00241305A037600,f0847831-2a06-4e59-bbfd-a99b2b676221
LR03Z1LN,f0c3b2e7-5bc2-492f-93cf-4754e8419dd6
LR03Y7SB,f0f92a38-04ec-436e-b95b-cebcdac1cba0
NXSHEAA0023510CE337600,f11b413b-ea14-4ff2-b04a-242804164904
NXSHEAA00241305A0B7600,f1810ef3-e33f-4d26-9aa4-2bf91f8a6726
NXSHEAA00241002D847600,f1f2d089-51f3-450b-86ec-2d54ba9d055e
NXSHEAA0024130619A7600,f1f482e4-0d04-4e20-aeb0-81639e875938
LR03Y74R,f1f60036-f1f1-4119-beca-a9853cd94350
NXSHEAA002413059727600,f1ffafc4-4da2-45e5-a93f-c17d071fbdac
LR048QK3,f2082ceb-7f7d-4ac3-b199-f745b41ad116
LR062U07,f22d13d0-1f00-4f8f-9662-39ae16089d63
NXSHEAA00241006AE87600,f24d7a51-e233-4952-9150-55875ab75c1d
LR03Y74A,f3b4cd22-0b58-469e-96f0-1a33dcec142d
LR048PSU,f3b9646f-b04b-40e7-932c-892dfe2bc76f
NXSHEAA00241305C427600,f4099b36-8a33-46f4-8363-dd5bd14fd52c
LR048PS1,f4304a5a-ac9c-4ea3-ab0f-94e5d3091b23
LR03Z1AG,f439a7d2-e682-4ca1-9923-ec204e888a42
LR03Z1AB,f4b10364-b86b-48ea-9744-03d6a4029832
LR03Y74U,f4df3197-e801-44bf-9809-c255ef2c19bd
NXSHEAA00241305C537600,f529a496-8f8b-4aa8-ab06-634d01abbdcb
NXSHEAA00241305A9A7600,f5ab50b5-00c9-4901-b28b-170e1af56bbe
LR048PQ8,f5b9b17a-11b4-45b6-8c3e-405a0500e33a
LR05BYRL,f5cea70b-6ea8-40d6-a2d4-0388a05dd2e1
LR062F13,f6502e51-b755-42b7-a63e-9501b06d81e7
LR062TUJ,f7189afc-cfdc-4b70-a6fa-e7560a9e4c96
NXSHEAA00241305B6C7600,f7428d31-a917-423c-a750-2cfdcdffd05a
LR03Y6PM,f7a19a79-a869-49e0-97cc-7b9810721343
NXSHEAA00241305B9C7600,f8617c6e-5dfd-4038-966b-87f5521c4c33
LR03Y7Q1,f88b0db4-93bf-42f0-a5e5-07f5603ef048
LR0451XZ,f8958cfb-3bc5-4387-9159-2d61088f3d98
LR048PTD,f8d02c1f-5117-4b8b-9acb-6cd9e514ccbd
LR03Y75B,f99ecee9-fc99-40d6-8bc5-d473b2b40c9f
LR048Q2T,f9e7f317-3570-4bde-84d3-10c1cd47854c
LR03Y6YL,f9eb01b1-7451-4859-a844-f1a89edb3274
NXSHEAA00241305C097600,fa64db6a-4312-459d-82af-432e0f0ca8b7
LR03Y75V,fa86326c-7c63-4ead-bde6-f2fd49b077bd
LR062EH0,fad1a207-64c3-4cee-b90b-1e4655a697b4
LR048PQU,faf34a53-ed89-429a-babc-59eb48c5256c
LR03Y7C5,fb0b505b-4d02-4f57-b2f3-48f92840e6d7
LR03Z1KT,fbdef4d4-f0d8-4190-9f07-e8f8cf020ea7
NXSHEAA002413059AC7600,fbeda8c7-c57b-49b9-853b-ffebbca785ac
LR048PSE,fc18f412-63cd-470c-813b-f61e3b30814b
NXSHEAA0023510CD9B7600,fc56ef9d-53cf-4da1-9ead-638ff05ff971
NXSHEAA00241305C5E7600,fcba8b0a-aa29-4815-a6f6-097e3630a0ba
NXSHEAA00241305C347600,fcbb61cc-eaba-4138-ba9a-35e0e9d037f5
LR03Z1J3,fcfc24c6-faba-4872-97c2-8adf4608434b
LR048Q08,fd06808e-3001-4141-b877-65eaac948906
LR03Y7TU,fdda698a-b6a0-41c8-bd04-2b4c16cfedc1
LR03Z171,fdf882d6-b785-45dd-bd54-09adb6180e4c
LR03Y9ZX,fe551de5-0825-4ba1-82d1-bce4ee35e753
LR03Z1LY,fe55d1df-5910-4725-9388-31a925501046
LR03Y7DA,fe5c291a-1a26-40d7-8508-dec351f5f3bf
NXSHEAA00241305BEC7600,fec52b21-e304-4bbd-85d3-2a94beb848e8
NXSHEAA00241305BF67600,fec707cd-d215-4980-9718-dd9ea73827ef
NXSHEAA00241305C547600,ff9fd616-9a63-45d1-900e-1754fbf475e7
NXSHEAA0023510CE037600,ffcfebb6-3b18-4eef-9ec6-63f7fea53bfb
